-- Library Management System
-- Full MySQL 8 initialization script for Linux deployment
-- Import example:
--   mysql --default-character-set=utf8mb4 -uroot -p < library_management_linux_init.sql

SET NAMES utf8mb4;
SET time_zone = '+00:00';

CREATE DATABASE IF NOT EXISTS library_management
    CHARACTER SET utf8mb4
    COLLATE utf8mb4_unicode_ci;
USE library_management;

SET FOREIGN_KEY_CHECKS = 0;
DROP TABLE IF EXISTS recommendation_likes;
DROP TABLE IF EXISTS recommendation_follows;
DROP TABLE IF EXISTS recommendation_posts;
DROP TABLE IF EXISTS refresh_tokens;
DROP TABLE IF EXISTS seat_reservations;
DROP TABLE IF EXISTS service_appointments;
DROP TABLE IF EXISTS user_favorites;
DROP TABLE IF EXISTS user_feedback_messages;
DROP TABLE IF EXISTS user_feedbacks;
DROP TABLE IF EXISTS book_reviews;
DROP TABLE IF EXISTS user_behavior_logs;
DROP TABLE IF EXISTS search_history;
DROP TABLE IF EXISTS notifications;
DROP TABLE IF EXISTS fines;
DROP TABLE IF EXISTS reservations;
DROP TABLE IF EXISTS loans;
DROP TABLE IF EXISTS role_permissions;
DROP TABLE IF EXISTS user_roles;
DROP TABLE IF EXISTS rbac_audit_logs;
DROP TABLE IF EXISTS book_authors;
DROP TABLE IF EXISTS book_copies;
DROP TABLE IF EXISTS books;
DROP TABLE IF EXISTS authors;
DROP TABLE IF EXISTS publishers;
DROP TABLE IF EXISTS categories;
DROP TABLE IF EXISTS seats;
DROP TABLE IF EXISTS permissions;
DROP TABLE IF EXISTS roles;
DROP TABLE IF EXISTS ai_gateway_settings;
DROP TABLE IF EXISTS users;
SET FOREIGN_KEY_CHECKS = 1;

CREATE TABLE users (
    user_id INT AUTO_INCREMENT PRIMARY KEY,
    username VARCHAR(50) NOT NULL UNIQUE,
    password_hash VARCHAR(255) NOT NULL,
    email VARCHAR(100) NOT NULL UNIQUE,
    full_name VARCHAR(100) NOT NULL,
    role VARCHAR(20) NOT NULL DEFAULT 'USER',
    status VARCHAR(20) NOT NULL DEFAULT 'ACTIVE',
    department VARCHAR(100),
    major VARCHAR(100),
    identity_type VARCHAR(20) DEFAULT 'STUDENT',
    enrollment_year INT,
    interest_tags LONGTEXT,
    password_reset_token_hash VARCHAR(128),
    password_reset_requested_at DATETIME,
    password_reset_expires_at DATETIME,
    password_reset_used_at DATETIME,
    token_valid_after DATETIME,
    create_time TIMESTAMP NOT NULL DEFAULT CURRENT_TIMESTAMP,
    update_time TIMESTAMP NOT NULL DEFAULT CURRENT_TIMESTAMP ON UPDATE CURRENT_TIMESTAMP
) ENGINE=InnoDB DEFAULT CHARSET=utf8mb4;

CREATE TABLE publishers (
    publisher_id INT AUTO_INCREMENT PRIMARY KEY,
    name VARCHAR(100) NOT NULL UNIQUE,
    address VARCHAR(255),
    contact_info VARCHAR(100),
    is_deleted BIT(1) NOT NULL DEFAULT b'0',
    create_time TIMESTAMP NOT NULL DEFAULT CURRENT_TIMESTAMP,
    update_time TIMESTAMP NOT NULL DEFAULT CURRENT_TIMESTAMP ON UPDATE CURRENT_TIMESTAMP
) ENGINE=InnoDB DEFAULT CHARSET=utf8mb4;

CREATE TABLE categories (
    category_id INT AUTO_INCREMENT PRIMARY KEY,
    name VARCHAR(50) NOT NULL UNIQUE,
    parent_id INT NULL,
    description VARCHAR(255),
    is_deleted BIT(1) NOT NULL DEFAULT b'0',
    create_time TIMESTAMP NOT NULL DEFAULT CURRENT_TIMESTAMP,
    update_time TIMESTAMP NOT NULL DEFAULT CURRENT_TIMESTAMP ON UPDATE CURRENT_TIMESTAMP,
    CONSTRAINT fk_category_parent
        FOREIGN KEY (parent_id) REFERENCES categories(category_id)
        ON DELETE CASCADE
) ENGINE=InnoDB DEFAULT CHARSET=utf8mb4;

CREATE TABLE authors (
    author_id INT AUTO_INCREMENT PRIMARY KEY,
    name VARCHAR(100) NOT NULL,
    biography LONGTEXT,
    birth_year INT,
    death_year INT,
    is_deleted BIT(1) NOT NULL DEFAULT b'0',
    create_time TIMESTAMP NOT NULL DEFAULT CURRENT_TIMESTAMP,
    update_time TIMESTAMP NOT NULL DEFAULT CURRENT_TIMESTAMP ON UPDATE CURRENT_TIMESTAMP
) ENGINE=InnoDB DEFAULT CHARSET=utf8mb4;

CREATE TABLE books (
    book_id INT AUTO_INCREMENT PRIMARY KEY,
    isbn VARCHAR(20) NOT NULL UNIQUE,
    title VARCHAR(255) NOT NULL,
    cover_url VARCHAR(255),
    resource_mode ENUM('PHYSICAL_ONLY', 'DIGITAL_ONLY', 'HYBRID') NOT NULL DEFAULT 'PHYSICAL_ONLY',
    online_access_url VARCHAR(500),
    online_access_type ENUM('OPEN_ACCESS', 'CAMPUS_ONLY', 'LICENSED_ACCESS'),
    description LONGTEXT,
    page_count INT,
    published_year INT NOT NULL,
    language VARCHAR(50) NOT NULL,
    publisher_id INT,
    category_id INT,
    status ENUM('ACTIVE', 'INACTIVE') NOT NULL DEFAULT 'ACTIVE',
    create_time TIMESTAMP NOT NULL DEFAULT CURRENT_TIMESTAMP,
    update_time TIMESTAMP NOT NULL DEFAULT CURRENT_TIMESTAMP ON UPDATE CURRENT_TIMESTAMP,
    CONSTRAINT fk_book_publisher
        FOREIGN KEY (publisher_id) REFERENCES publishers(publisher_id)
        ON DELETE SET NULL,
    CONSTRAINT fk_book_category
        FOREIGN KEY (category_id) REFERENCES categories(category_id)
        ON DELETE SET NULL
) ENGINE=InnoDB DEFAULT CHARSET=utf8mb4;

CREATE TABLE book_copies (
    copy_id INT AUTO_INCREMENT PRIMARY KEY,
    book_id INT NOT NULL,
    status ENUM('AVAILABLE', 'BORROWED', 'RESERVED', 'LOST', 'DAMAGED') NOT NULL DEFAULT 'AVAILABLE',
    acquisition_date DATE NOT NULL,
    price DECIMAL(10, 2) NOT NULL,
    notes LONGTEXT,
    location_code VARCHAR(50),
    rfid_tag VARCHAR(64) UNIQUE,
    floor_plan_id INT,
    create_time TIMESTAMP NOT NULL DEFAULT CURRENT_TIMESTAMP,
    update_time TIMESTAMP NOT NULL DEFAULT CURRENT_TIMESTAMP ON UPDATE CURRENT_TIMESTAMP,
    CONSTRAINT fk_copy_book
        FOREIGN KEY (book_id) REFERENCES books(book_id)
        ON DELETE CASCADE
) ENGINE=InnoDB DEFAULT CHARSET=utf8mb4;

CREATE TABLE book_authors (
    book_id INT NOT NULL,
    author_id INT NOT NULL,
    author_order INT NOT NULL,
    create_time TIMESTAMP NOT NULL DEFAULT CURRENT_TIMESTAMP,
    PRIMARY KEY (book_id, author_id),
    CONSTRAINT fk_bookauthor_book
        FOREIGN KEY (book_id) REFERENCES books(book_id)
        ON DELETE CASCADE,
    CONSTRAINT fk_bookauthor_author
        FOREIGN KEY (author_id) REFERENCES authors(author_id)
        ON DELETE CASCADE
) ENGINE=InnoDB DEFAULT CHARSET=utf8mb4;

CREATE TABLE permissions (
    permission_id INT AUTO_INCREMENT PRIMARY KEY,
    name VARCHAR(100) NOT NULL UNIQUE,
    description VARCHAR(255),
    create_time TIMESTAMP NOT NULL DEFAULT CURRENT_TIMESTAMP
) ENGINE=InnoDB DEFAULT CHARSET=utf8mb4;

CREATE TABLE roles (
    role_id INT AUTO_INCREMENT PRIMARY KEY,
    name VARCHAR(50) NOT NULL UNIQUE,
    display_name VARCHAR(100),
    description VARCHAR(255),
    create_time TIMESTAMP NOT NULL DEFAULT CURRENT_TIMESTAMP
) ENGINE=InnoDB DEFAULT CHARSET=utf8mb4;

CREATE TABLE user_roles (
    user_id INT NOT NULL,
    role_id INT NOT NULL,
    PRIMARY KEY (user_id, role_id),
    CONSTRAINT fk_user_roles_user
        FOREIGN KEY (user_id) REFERENCES users(user_id)
        ON DELETE CASCADE,
    CONSTRAINT fk_user_roles_role
        FOREIGN KEY (role_id) REFERENCES roles(role_id)
        ON DELETE CASCADE
) ENGINE=InnoDB DEFAULT CHARSET=utf8mb4;

CREATE TABLE role_permissions (
    role_id INT NOT NULL,
    permission_id INT NOT NULL,
    PRIMARY KEY (role_id, permission_id),
    CONSTRAINT fk_role_permissions_role
        FOREIGN KEY (role_id) REFERENCES roles(role_id)
        ON DELETE CASCADE,
    CONSTRAINT fk_role_permissions_permission
        FOREIGN KEY (permission_id) REFERENCES permissions(permission_id)
        ON DELETE CASCADE
) ENGINE=InnoDB DEFAULT CHARSET=utf8mb4;

CREATE TABLE refresh_tokens (
    refresh_token_id BIGINT AUTO_INCREMENT PRIMARY KEY,
    user_id INT NOT NULL,
    token_hash VARCHAR(128) NOT NULL UNIQUE,
    expires_at DATETIME NOT NULL,
    revoked_at DATETIME,
    last_used_at DATETIME,
    create_time TIMESTAMP NOT NULL DEFAULT CURRENT_TIMESTAMP,
    update_time TIMESTAMP NOT NULL DEFAULT CURRENT_TIMESTAMP ON UPDATE CURRENT_TIMESTAMP,
    CONSTRAINT fk_refresh_token_user
        FOREIGN KEY (user_id) REFERENCES users(user_id)
        ON DELETE CASCADE
) ENGINE=InnoDB DEFAULT CHARSET=utf8mb4;

CREATE TABLE loans (
    loan_id INT AUTO_INCREMENT PRIMARY KEY,
    copy_id INT NOT NULL,
    user_id INT NOT NULL,
    borrow_date DATE NOT NULL,
    due_date DATE NOT NULL,
    return_date DATE,
    status ENUM('ACTIVE', 'RETURNED', 'OVERDUE', 'LOST') NOT NULL DEFAULT 'ACTIVE',
    renewal_count INT NOT NULL DEFAULT 0,
    create_time TIMESTAMP NOT NULL DEFAULT CURRENT_TIMESTAMP,
    update_time TIMESTAMP NOT NULL DEFAULT CURRENT_TIMESTAMP ON UPDATE CURRENT_TIMESTAMP,
    CONSTRAINT fk_loan_copy
        FOREIGN KEY (copy_id) REFERENCES book_copies(copy_id)
        ON DELETE RESTRICT,
    CONSTRAINT fk_loan_user
        FOREIGN KEY (user_id) REFERENCES users(user_id)
        ON DELETE RESTRICT
) ENGINE=InnoDB DEFAULT CHARSET=utf8mb4;

CREATE TABLE reservations (
    reservation_id INT AUTO_INCREMENT PRIMARY KEY,
    book_id INT NOT NULL,
    user_id INT NOT NULL,
    reservation_date DATE NOT NULL,
    expiry_date DATE NOT NULL,
    status ENUM('PENDING', 'AWAITING_PICKUP', 'FULFILLED', 'CANCELLED', 'EXPIRED') NOT NULL DEFAULT 'PENDING',
    allocated_copy_id INT,
    pickup_deadline DATETIME,
    notification_sent BOOLEAN NOT NULL DEFAULT FALSE,
    create_time TIMESTAMP NOT NULL DEFAULT CURRENT_TIMESTAMP,
    update_time TIMESTAMP NOT NULL DEFAULT CURRENT_TIMESTAMP ON UPDATE CURRENT_TIMESTAMP,
    CONSTRAINT fk_reservation_book
        FOREIGN KEY (book_id) REFERENCES books(book_id)
        ON DELETE CASCADE,
    CONSTRAINT fk_reservation_user
        FOREIGN KEY (user_id) REFERENCES users(user_id)
        ON DELETE CASCADE,
    CONSTRAINT fk_reservation_allocated_copy
        FOREIGN KEY (allocated_copy_id) REFERENCES book_copies(copy_id)
        ON DELETE SET NULL
) ENGINE=InnoDB DEFAULT CHARSET=utf8mb4;

CREATE TABLE fines (
    fine_id INT AUTO_INCREMENT PRIMARY KEY,
    loan_id INT NOT NULL,
    user_id INT NOT NULL,
    amount DECIMAL(10, 2) NOT NULL,
    reason VARCHAR(255) NOT NULL,
    date_issued DATE NOT NULL,
    date_paid DATE,
    status ENUM('PENDING', 'PAID', 'WAIVED') NOT NULL DEFAULT 'PENDING',
    create_time TIMESTAMP NOT NULL DEFAULT CURRENT_TIMESTAMP,
    update_time TIMESTAMP NOT NULL DEFAULT CURRENT_TIMESTAMP ON UPDATE CURRENT_TIMESTAMP,
    CONSTRAINT fk_fine_loan
        FOREIGN KEY (loan_id) REFERENCES loans(loan_id)
        ON DELETE RESTRICT,
    CONSTRAINT fk_fine_user
        FOREIGN KEY (user_id) REFERENCES users(user_id)
        ON DELETE RESTRICT
) ENGINE=InnoDB DEFAULT CHARSET=utf8mb4;

CREATE TABLE notifications (
    notification_id BIGINT AUTO_INCREMENT PRIMARY KEY,
    user_id INT NOT NULL,
    type ENUM('DUE_REMINDER', 'ARRIVAL_NOTICE', 'NEW_BOOK_RECOMMEND', 'SYSTEM') NOT NULL,
    title VARCHAR(100) NOT NULL,
    content LONGTEXT NOT NULL,
    is_read BOOLEAN NOT NULL DEFAULT FALSE,
    target_type VARCHAR(30),
    target_id VARCHAR(50),
    route_hint VARCHAR(255),
    business_key VARCHAR(80),
    send_time TIMESTAMP NOT NULL DEFAULT CURRENT_TIMESTAMP,
    CONSTRAINT fk_notif_user
        FOREIGN KEY (user_id) REFERENCES users(user_id)
        ON DELETE CASCADE
) ENGINE=InnoDB DEFAULT CHARSET=utf8mb4;

CREATE TABLE search_history (
    search_id BIGINT AUTO_INCREMENT PRIMARY KEY,
    user_id INT,
    keyword VARCHAR(100) NOT NULL,
    result_count INT NOT NULL DEFAULT 0,
    search_time TIMESTAMP NOT NULL DEFAULT CURRENT_TIMESTAMP
) ENGINE=InnoDB DEFAULT CHARSET=utf8mb4;

CREATE TABLE user_behavior_logs (
    log_id BIGINT AUTO_INCREMENT PRIMARY KEY,
    user_id INT,
    book_id INT,
    action_type ENUM('VIEW_DETAIL', 'ADD_TO_SHELF', 'CLICK_PREVIEW', 'SHARE', 'BORROW_BOOK', 'RESERVE_BOOK') NOT NULL,
    duration_seconds INT,
    device_type VARCHAR(50),
    create_time TIMESTAMP NOT NULL DEFAULT CURRENT_TIMESTAMP
) ENGINE=InnoDB DEFAULT CHARSET=utf8mb4;

CREATE TABLE book_reviews (
    review_id BIGINT AUTO_INCREMENT PRIMARY KEY,
    book_id INT NOT NULL,
    user_id INT NOT NULL,
    loan_id INT,
    rating INT NOT NULL,
    comment_text LONGTEXT,
    status ENUM('PENDING', 'APPROVED', 'REJECTED') NOT NULL DEFAULT 'PENDING',
    create_time TIMESTAMP NOT NULL DEFAULT CURRENT_TIMESTAMP,
    update_time TIMESTAMP NOT NULL DEFAULT CURRENT_TIMESTAMP ON UPDATE CURRENT_TIMESTAMP,
    CONSTRAINT fk_review_book
        FOREIGN KEY (book_id) REFERENCES books(book_id)
        ON DELETE CASCADE,
    CONSTRAINT fk_review_user
        FOREIGN KEY (user_id) REFERENCES users(user_id)
        ON DELETE CASCADE
) ENGINE=InnoDB DEFAULT CHARSET=utf8mb4;

CREATE TABLE user_feedbacks (
    feedback_id BIGINT AUTO_INCREMENT PRIMARY KEY,
    user_id INT NOT NULL,
    category ENUM('BOOK_INFO', 'SYSTEM_BUG', 'SERVICE_EXPERIENCE', 'SUGGESTION', 'OTHER') NOT NULL DEFAULT 'OTHER',
    subject VARCHAR(150) NOT NULL,
    content LONGTEXT NOT NULL,
    contact_email VARCHAR(120),
    status ENUM('SUBMITTED', 'IN_PROGRESS', 'RESOLVED', 'REJECTED') NOT NULL DEFAULT 'SUBMITTED',
    admin_reply LONGTEXT,
    handled_by VARCHAR(50),
    reply_time DATETIME,
    create_time TIMESTAMP NOT NULL DEFAULT CURRENT_TIMESTAMP,
    update_time TIMESTAMP NOT NULL DEFAULT CURRENT_TIMESTAMP ON UPDATE CURRENT_TIMESTAMP,
    CONSTRAINT fk_feedback_user
        FOREIGN KEY (user_id) REFERENCES users(user_id)
        ON DELETE CASCADE
) ENGINE=InnoDB DEFAULT CHARSET=utf8mb4;

CREATE TABLE user_feedback_messages (
    message_id BIGINT AUTO_INCREMENT PRIMARY KEY,
    feedback_id BIGINT NOT NULL,
    sender_type ENUM('USER', 'ADMIN') NOT NULL,
    sender_name VARCHAR(100) NOT NULL,
    sender_user_id INT,
    sender_username VARCHAR(50),
    content LONGTEXT NOT NULL,
    create_time TIMESTAMP NOT NULL DEFAULT CURRENT_TIMESTAMP,
    CONSTRAINT fk_feedback_message_feedback
        FOREIGN KEY (feedback_id) REFERENCES user_feedbacks(feedback_id)
        ON DELETE CASCADE
) ENGINE=InnoDB DEFAULT CHARSET=utf8mb4;

CREATE TABLE user_favorites (
    favorite_id BIGINT AUTO_INCREMENT PRIMARY KEY,
    user_id INT NOT NULL,
    book_id INT NOT NULL,
    create_time TIMESTAMP NOT NULL DEFAULT CURRENT_TIMESTAMP,
    CONSTRAINT fk_user_favorite_user
        FOREIGN KEY (user_id) REFERENCES users(user_id)
        ON DELETE CASCADE,
    CONSTRAINT fk_user_favorite_book
        FOREIGN KEY (book_id) REFERENCES books(book_id)
        ON DELETE CASCADE,
    CONSTRAINT uk_user_favorite_user_book UNIQUE (user_id, book_id)
) ENGINE=InnoDB DEFAULT CHARSET=utf8mb4;

CREATE TABLE service_appointments (
    appointment_id INT AUTO_INCREMENT PRIMARY KEY,
    user_id INT NOT NULL,
    loan_id INT,
    service_type ENUM('RETURN_BOOK', 'PICKUP_BOOK', 'CONSULTATION') NOT NULL,
    scheduled_time DATETIME NOT NULL,
    method ENUM('COUNTER', 'SMART_LOCKER') NOT NULL DEFAULT 'COUNTER',
    status ENUM('PENDING', 'COMPLETED', 'CANCELLED', 'MISSED') NOT NULL DEFAULT 'PENDING',
    return_location VARCHAR(120),
    notes TEXT,
    create_time TIMESTAMP NOT NULL DEFAULT CURRENT_TIMESTAMP,
    update_time TIMESTAMP NOT NULL DEFAULT CURRENT_TIMESTAMP ON UPDATE CURRENT_TIMESTAMP,
    CONSTRAINT fk_service_appointment_user
        FOREIGN KEY (user_id) REFERENCES users(user_id)
        ON DELETE CASCADE,
    CONSTRAINT fk_service_appointment_loan
        FOREIGN KEY (loan_id) REFERENCES loans(loan_id)
        ON DELETE SET NULL
) ENGINE=InnoDB DEFAULT CHARSET=utf8mb4;

CREATE TABLE seats (
    seat_id INT AUTO_INCREMENT PRIMARY KEY,
    seat_code VARCHAR(32) NOT NULL,
    floor_name VARCHAR(50) NOT NULL,
    floor_order INT NOT NULL DEFAULT 1,
    zone_name VARCHAR(50),
    area_name VARCHAR(50),
    seat_type ENUM('STANDARD', 'COMPUTER', 'DISCUSSION') NOT NULL DEFAULT 'STANDARD',
    status ENUM('AVAILABLE', 'UNAVAILABLE') NOT NULL DEFAULT 'AVAILABLE',
    has_power BOOLEAN NOT NULL DEFAULT FALSE,
    near_window BOOLEAN NOT NULL DEFAULT FALSE,
    description VARCHAR(255),
    create_time TIMESTAMP NOT NULL DEFAULT CURRENT_TIMESTAMP,
    update_time TIMESTAMP NOT NULL DEFAULT CURRENT_TIMESTAMP ON UPDATE CURRENT_TIMESTAMP,
    CONSTRAINT uk_seat_code UNIQUE (seat_code)
) ENGINE=InnoDB DEFAULT CHARSET=utf8mb4;

CREATE TABLE seat_reservations (
    reservation_id INT AUTO_INCREMENT PRIMARY KEY,
    seat_id INT NOT NULL,
    user_id INT NOT NULL,
    start_time DATETIME NOT NULL,
    end_time DATETIME NOT NULL,
    status ENUM('ACTIVE', 'CANCELLED', 'COMPLETED', 'MISSED') NOT NULL DEFAULT 'ACTIVE',
    notes TEXT,
    create_time TIMESTAMP NOT NULL DEFAULT CURRENT_TIMESTAMP,
    update_time TIMESTAMP NOT NULL DEFAULT CURRENT_TIMESTAMP ON UPDATE CURRENT_TIMESTAMP,
    CONSTRAINT fk_seat_reservation_seat
        FOREIGN KEY (seat_id) REFERENCES seats(seat_id)
        ON DELETE CASCADE,
    CONSTRAINT fk_seat_reservation_user
        FOREIGN KEY (user_id) REFERENCES users(user_id)
        ON DELETE CASCADE
) ENGINE=InnoDB DEFAULT CHARSET=utf8mb4;

CREATE TABLE rbac_audit_logs (
    log_id BIGINT AUTO_INCREMENT PRIMARY KEY,
    actor_user_id INT,
    actor_username VARCHAR(100) NOT NULL,
    action_type VARCHAR(50) NOT NULL,
    target_type VARCHAR(50) NOT NULL,
    target_id VARCHAR(100),
    detail TEXT,
    create_time TIMESTAMP NOT NULL DEFAULT CURRENT_TIMESTAMP
) ENGINE=InnoDB DEFAULT CHARSET=utf8mb4;

CREATE TABLE ai_gateway_settings (
    settings_id INT PRIMARY KEY,
    enabled BIT(1) NOT NULL DEFAULT b'0',
    provider VARCHAR(40) NOT NULL,
    base_url VARCHAR(255),
    model_name VARCHAR(120),
    encrypted_api_key VARCHAR(1024),
    updated_by VARCHAR(100),
    create_time TIMESTAMP NOT NULL DEFAULT CURRENT_TIMESTAMP,
    update_time TIMESTAMP NOT NULL DEFAULT CURRENT_TIMESTAMP ON UPDATE CURRENT_TIMESTAMP
) ENGINE=InnoDB DEFAULT CHARSET=utf8mb4;

CREATE TABLE recommendation_posts (
    post_id BIGINT AUTO_INCREMENT PRIMARY KEY,
    author_user_id INT NOT NULL,
    book_id INT NOT NULL,
    content LONGTEXT NOT NULL,
    create_time TIMESTAMP NOT NULL DEFAULT CURRENT_TIMESTAMP,
    update_time TIMESTAMP NOT NULL DEFAULT CURRENT_TIMESTAMP ON UPDATE CURRENT_TIMESTAMP,
    CONSTRAINT fk_recommendation_post_author
        FOREIGN KEY (author_user_id) REFERENCES users(user_id)
        ON DELETE CASCADE,
    CONSTRAINT fk_recommendation_post_book
        FOREIGN KEY (book_id) REFERENCES books(book_id)
        ON DELETE CASCADE
) ENGINE=InnoDB DEFAULT CHARSET=utf8mb4;

CREATE TABLE recommendation_likes (
    like_id BIGINT AUTO_INCREMENT PRIMARY KEY,
    post_id BIGINT NOT NULL,
    user_id INT NOT NULL,
    create_time TIMESTAMP NOT NULL DEFAULT CURRENT_TIMESTAMP,
    CONSTRAINT uk_recommendation_like UNIQUE (post_id, user_id),
    CONSTRAINT fk_recommendation_like_post
        FOREIGN KEY (post_id) REFERENCES recommendation_posts(post_id)
        ON DELETE CASCADE,
    CONSTRAINT fk_recommendation_like_user
        FOREIGN KEY (user_id) REFERENCES users(user_id)
        ON DELETE CASCADE
) ENGINE=InnoDB DEFAULT CHARSET=utf8mb4;

CREATE TABLE recommendation_follows (
    follow_id BIGINT AUTO_INCREMENT PRIMARY KEY,
    follower_user_id INT NOT NULL,
    teacher_user_id INT NOT NULL,
    create_time TIMESTAMP NOT NULL DEFAULT CURRENT_TIMESTAMP,
    CONSTRAINT uk_recommendation_follow UNIQUE (follower_user_id, teacher_user_id),
    CONSTRAINT fk_recommendation_follow_follower
        FOREIGN KEY (follower_user_id) REFERENCES users(user_id)
        ON DELETE CASCADE,
    CONSTRAINT fk_recommendation_follow_teacher
        FOREIGN KEY (teacher_user_id) REFERENCES users(user_id)
        ON DELETE CASCADE
) ENGINE=InnoDB DEFAULT CHARSET=utf8mb4;

CREATE INDEX idx_users_username ON users(username);
CREATE INDEX idx_users_email ON users(email);
CREATE INDEX idx_users_role_status ON users(role, status);

CREATE INDEX idx_books_title ON books(title);
CREATE INDEX idx_books_isbn ON books(isbn);
CREATE INDEX idx_books_status ON books(status);
CREATE INDEX idx_books_category ON books(category_id);

CREATE INDEX idx_book_copies_book_status ON book_copies(book_id, status);
CREATE INDEX idx_book_copies_location ON book_copies(location_code);

CREATE INDEX idx_book_authors_author_id ON book_authors(author_id);

CREATE INDEX idx_roles_name ON roles(name);
CREATE INDEX idx_permissions_name ON permissions(name);
CREATE INDEX idx_refresh_token_user ON refresh_tokens(user_id);
CREATE INDEX idx_refresh_token_expires ON refresh_tokens(expires_at);

CREATE INDEX idx_loans_user_status ON loans(user_id, status);
CREATE INDEX idx_loans_due_date ON loans(due_date);
CREATE INDEX idx_loans_copy_id ON loans(copy_id);

CREATE INDEX idx_reservations_user_status ON reservations(user_id, status);
CREATE INDEX idx_reservations_book_status ON reservations(book_id, status);
CREATE INDEX idx_reservations_pickup_deadline ON reservations(pickup_deadline);

CREATE INDEX idx_fines_user_status ON fines(user_id, status);
CREATE INDEX idx_fines_loan_id ON fines(loan_id);

CREATE INDEX idx_notifications_user_unread ON notifications(user_id, is_read);
CREATE INDEX idx_notifications_business_key ON notifications(business_key);

CREATE INDEX idx_search_history_keyword ON search_history(keyword);
CREATE INDEX idx_search_history_user_time ON search_history(user_id, search_time);

CREATE INDEX idx_behavior_user_time ON user_behavior_logs(user_id, create_time);
CREATE INDEX idx_behavior_book_action ON user_behavior_logs(book_id, action_type);

CREATE INDEX idx_book_reviews_book_status ON book_reviews(book_id, status);
CREATE INDEX idx_book_reviews_user_id ON book_reviews(user_id);

CREATE INDEX idx_user_feedback_user_time ON user_feedbacks(user_id, create_time);
CREATE INDEX idx_user_feedback_status_time ON user_feedbacks(status, create_time);

CREATE INDEX idx_service_appointments_user_time ON service_appointments(user_id, scheduled_time);
CREATE INDEX idx_service_appointments_status_time ON service_appointments(status, scheduled_time);
CREATE INDEX idx_service_appointments_loan_id ON service_appointments(loan_id);

CREATE INDEX idx_seats_floor_zone ON seats(floor_order, floor_name, zone_name);
CREATE INDEX idx_seats_status ON seats(status);

CREATE INDEX idx_seat_reservations_user_time ON seat_reservations(user_id, start_time, end_time);
CREATE INDEX idx_seat_reservations_seat_time ON seat_reservations(seat_id, start_time, end_time);
CREATE INDEX idx_seat_reservations_status_time ON seat_reservations(status, start_time, end_time);

CREATE INDEX idx_rbac_audit_time ON rbac_audit_logs(create_time);
CREATE INDEX idx_recommendation_posts_author_time ON recommendation_posts(author_user_id, create_time);
CREATE INDEX idx_recommendation_posts_book_id ON recommendation_posts(book_id);
CREATE INDEX idx_recommendation_likes_user_id ON recommendation_likes(user_id);
CREATE INDEX idx_recommendation_follows_teacher_id ON recommendation_follows(teacher_user_id);

INSERT INTO users (
    user_id, username, password_hash, email, full_name, role, status,
    department, major, identity_type, enrollment_year, interest_tags, token_valid_after
) VALUES
    (1, 'admin', '$2a$10$pxttkzFukf09Cexqq2HjVeoUwtrIrZbsRqDxjil7yWGwLlHchamJ.', 'admin@library.com', 'System Administrator', 'ADMIN', 'ACTIVE', 'Library IT Center', 'Operations', 'STAFF', 2018, '["RBAC","Analytics","Operations"]', DATE_SUB(UTC_TIMESTAMP(), INTERVAL 1 DAY)),
    (2, 'user', '$2a$10$DxDRdhqESD4iRRcLwSc/.OP6xbIaNZRx3dc5sr8AbbryhLRnA0ULq', 'user@example.com', 'Test User', 'USER', 'ACTIVE', 'Computer Science School', 'Software Engineering', 'STUDENT', 2023, '["Java","AI","Databases"]', DATE_SUB(UTC_TIMESTAMP(), INTERVAL 1 DAY)),
    (3, 'teacher', '$2a$10$SePxsIBnNxSUtKGRqLcktelUh3En5ALZ/wFeJ/.mHKvOoNewArARG', 'teacher@library.com', 'Demo Teacher', 'USER', 'ACTIVE', 'Computer Science School', 'Teaching and Research', 'TEACHER', 2012, '["Machine Learning","Recommender Systems"]', DATE_SUB(UTC_TIMESTAMP(), INTERVAL 1 DAY)),
    (4, 'cataloger', '$2a$10$PiZS9WVUQsMVAb4rK1yqtu.yKljbiyPBpnVQ1puTiDjJqTbu5Ve5.', 'cataloger@library.com', 'Demo Cataloger', 'USER', 'ACTIVE', 'Acquisition Department', 'Metadata', 'STAFF', 2020, '["Catalog","Metadata","Books"]', DATE_SUB(UTC_TIMESTAMP(), INTERVAL 1 DAY)),
    (5, 'librarian', '$2a$10$5idgV1GizC1hGrW.PitgQOxuCIxJ/oOYpVbeb5dSYCl.Acvym8QV6', 'librarian@library.com', 'Demo Librarian', 'USER', 'ACTIVE', 'Circulation Desk', 'Reader Services', 'STAFF', 2019, '["Circulation","Reservation","Fines"]', DATE_SUB(UTC_TIMESTAMP(), INTERVAL 1 DAY)),
    (6, 'reader01', '$2a$10$DxDRdhqESD4iRRcLwSc/.OP6xbIaNZRx3dc5sr8AbbryhLRnA0ULq', 'reader01@example.com', 'Liu Qiang', 'USER', 'ACTIVE', 'School of Economics', 'Finance', 'STUDENT', 2022, '["Economics","History","Literature"]', DATE_SUB(UTC_TIMESTAMP(), INTERVAL 1 DAY)),
    (7, 'reader02', '$2a$10$DxDRdhqESD4iRRcLwSc/.OP6xbIaNZRx3dc5sr8AbbryhLRnA0ULq', 'reader02@example.com', 'Zhao Min', 'USER', 'ACTIVE', 'School of Humanities', 'Chinese Literature', 'STUDENT', 2021, '["Fiction","History","Writing"]', DATE_SUB(UTC_TIMESTAMP(), INTERVAL 1 DAY));

INSERT INTO permissions (permission_id, name, description) VALUES
    (1, 'book:read', 'µ¤źĶ»óÕøŠõ╣”'),
    (2, 'book:write', 'µ¢░Õó×/õ┐«µö╣ÕøŠõ╣”'),
    (3, 'book:delete', 'ÕłĀķÖżÕøŠõ╣”'),
    (4, 'loan:read', 'µ¤źĶ»óÕĆ¤ķśģĶ«░ÕĮĢ'),
    (5, 'loan:write', 'ÕłøÕ╗║/ÕĮÆĶ┐śÕĆ¤ķśģ'),
    (6, 'loan:manage', 'ÕĆ¤ķśģÕģ©ķćÅń«ĪńÉå'),
    (7, 'fine:waive', 'ÕćÅÕģŹńĮÜµ¼Š'),
    (8, 'user:manage', 'ńö©µłĘń«ĪńÉå'),
    (9, 'review:audit', 'Õ«ĪµĀĖĶ»äĶ«║'),
    (10, 'reservation:manage', 'ķóäń║”ń«ĪńÉå'),
    (11, 'appointment:manage', 'µ£ŹÕŖĪķóäń║”ń«ĪńÉå'),
    (12, 'report:view', 'µ¤źń£ŗń╗¤Ķ«ĪµŖźĶĪ©'),
    (13, 'catalog:import', 'µē╣ķćÅÕ»╝ÕģźÕøŠõ╣”µĢ░µŹ«');

INSERT INTO roles (role_id, name, display_name, description) VALUES
    (1, 'CATALOGER', 'ÕĮĢÕģźÕæś', 'Ķ┤¤Ķ┤ŻÕøŠõ╣”õ┐Īµü»ÕĮĢÕģźõĖÄń╗┤µŖż'),
    (2, 'LIBRARIAN', 'ÕøŠõ╣”ń«ĪńÉåÕæś', 'Ķ┤¤Ķ┤ŻÕĆ¤ķśģŃĆüķóäń║”ÕÆīÕøŠõ╣”µŚźÕĖĖń«ĪńÉå');

INSERT INTO user_roles (user_id, role_id) VALUES
    (4, 1),
    (5, 2);

INSERT INTO role_permissions (role_id, permission_id) VALUES
    (1, 1), (1, 2), (1, 3), (1, 13),
    (2, 1), (2, 2), (2, 3), (2, 4), (2, 5), (2, 6), (2, 7), (2, 10), (2, 11), (2, 12);

INSERT INTO publishers (publisher_id, name, address, contact_info, is_deleted) VALUES
    (1, 'Pearson Education', '221B North Bund Avenue, Shanghai', '021-60000001', b'0'),
    (2, 'µ£║µó░ÕĘźõĖÜÕć║ńēłńżŠ', 'ÕīŚõ║¼ÕĖéĶź┐Õ¤ÄÕī║ńÖŠõĖćÕ║äÕż¦ĶĪŚ22ÕÅĘ', '010-60000002', b'0'),
    (3, 'õ║║µ░æµ¢ćÕŁ”Õć║ńēłńżŠ', 'ÕīŚõ║¼ÕĖéµ£Øķś│Õī║Õå£Õ▒Ģķ”åÕŹŚķćī10ÕÅĘ', '010-60000003', b'0'),
    (4, 'µĖģÕŹÄÕż¦ÕŁ”Õć║ńēłńżŠ', 'ÕīŚõ║¼ÕĖéµĄĘµĘĆÕī║µĖģÕŹÄÕøŁ1ÕÅĘ', '010-60000004', b'0');

INSERT INTO categories (category_id, name, parent_id, description, is_deleted) VALUES
    (1, 'Ķ«Īń«Śµ£║ń¦æÕŁ”', NULL, 'Ķ«Īń«Śµ£║õĖÄĶĮ»õ╗ČńøĖÕģ│ÕøŠõ╣”', b'0'),
    (2, 'µ¢ćÕŁ”', NULL, 'Õ░ÅĶ»┤ŃĆüµĢŻµ¢ćõĖÄµ¢ćÕŁ”Ķ»äĶ«║', b'0'),
    (3, 'ÕÄåÕÅ▓', NULL, 'õĖŁÕøĮÕÅ▓õĖÄõĖ¢ńĢīÕÅ▓', b'0'),
    (4, 'ń╗ÅµĄÄń«ĪńÉå', NULL, 'ń╗ÅµĄÄÕŁ”õĖÄń«ĪńÉåÕŁ”', b'0'),
    (5, 'ń╝¢ń©ŗÕ╝ĆÕÅæ', 1, 'ń╝¢ń©ŗĶ»ŁĶ©ĆŃĆüµĪåµ×ČõĖÄÕĘźń©ŗÕ«×ĶĘĄ', b'0'),
    (6, 'õ║║ÕĘźµÖ║ĶāĮ', 1, 'µ£║ÕÖ©ÕŁ”õ╣ĀŃĆüµĘ▒Õ║”ÕŁ”õ╣ĀõĖÄµÄ©ĶŹÉń│╗ń╗¤', b'0'),
    (7, 'ńÄ░ÕĮōõ╗ŻÕ░ÅĶ»┤', 2, 'õĖŁÕż¢ńÄ░ÕĮōõ╗Żń╗ÅÕģĖÕ░ÅĶ»┤', b'0'),
    (8, 'µĢÖĶé▓µ£ŹÕŖĪ', NULL, 'Ķ»╗ĶĆģµĢÖĶé▓õĖÄķ”åÕåģµ£ŹÕŖĪ', b'0');

INSERT INTO authors (author_id, name, biography, birth_year, death_year, is_deleted) VALUES
    (1, 'Joshua Bloch', 'Java Õ╣│ÕÅ░ń¤źÕÉŹõĖōÕ«Č’╝īķĢ┐µ£¤õ╗Äõ║ŗ Java µĀĖÕ┐āÕ║ōĶ«ŠĶ«ĪŃĆé', 1961, NULL, b'0'),
    (2, 'Craig Walls', 'Spring µŖĆµ£»õĮ£ĶĆģ’╝īķĢ┐µ£¤õĖōµ│©õ╝üõĖÜń║¦ Java Õ╝ĆÕÅæŃĆé', 1971, NULL, b'0'),
    (3, 'Õæ©Õ┐ŚÕŹÄ', 'µ£║ÕÖ©ÕŁ”õ╣ĀķóåÕ¤¤ÕŁ”ĶĆģ’╝īńĀöń®Čµ¢╣ÕÉæÕīģµŗ¼µ£║ÕÖ©ÕŁ”õ╣ĀõĖÄµĢ░µŹ«µī¢µÄśŃĆé', 1973, NULL, b'0'),
    (4, 'Gabriel Garcia Marquez', 'µŗēõĖüńŠÄµ┤▓µ¢ćÕŁ”õ╗ŻĶĪ©õĮ£Õ«ČŃĆé', 1927, 2014, b'0'),
    (5, 'N. Gregory Mankiw', 'ń╗ÅµĄÄÕŁ”µĢÖµØÉõĮ£ĶĆģ’╝īÕ«ÅĶ¦éõĖÄÕŠ«Ķ¦éń╗ÅµĄÄÕŁ”ńĀöń®ČĶĆģŃĆé', 1958, NULL, b'0'),
    (6, 'µØÄĶł¬', 'õ║║ÕĘźµÖ║ĶāĮõĖÄń╗¤Ķ«ĪÕŁ”õ╣Āµ¢╣ÕÉæõĮ£ĶĆģŃĆé', 1960, NULL, b'0'),
    (7, 'Ķ»Šń©ŗµĆØµö┐µĢÖńĀöń╗ä', 'ķ½śµĀĪÕģ¼Õģ▒Ķ»Šń©ŗµĢÖµØÉń╝¢ÕåÖÕøóķś¤ŃĆé', NULL, NULL, b'0');

INSERT INTO books (
    book_id, isbn, title, cover_url, resource_mode, online_access_url, online_access_type,
    description, page_count, published_year, language, publisher_id, category_id, status
) VALUES
    (1, '9780134685991', 'Effective Java', 'https://images.example.com/books/effective-java.jpg', 'PHYSICAL_ONLY', NULL, NULL, 'Java ÕĘźń©ŗÕ«×ĶĘĄń╗ÅÕģĖ’╝īķĆéÕÉłõĖŁķ½śń║¦Õ╝ĆÕÅæĶĆģŃĆé', 416, 2018, 'English', 1, 5, 'ACTIVE'),
    (2, '9781617292545', 'Spring Boot In Action', 'https://images.example.com/books/spring-boot-in-action.jpg', 'HYBRID', 'https://campus.example.com/ebooks/spring-boot-in-action', 'CAMPUS_ONLY', 'Spring Boot Õ┐½ķĆ¤Õ╝ĆÕÅæÕ«×µłśµĢÖń©ŗŃĆé', 264, 2016, 'English', 2, 5, 'ACTIVE'),
    (3, '9787302423287', 'µ£║ÕÖ©ÕŁ”õ╣ĀÕ«×µłś', 'https://images.example.com/books/ml-practice.jpg', 'PHYSICAL_ONLY', NULL, NULL, 'ķØóÕÉæÕ«×µłśńÜäµ£║ÕÖ©ÕŁ”õ╣ĀÕģźķŚ©õĖÄµĪłõŠŗõ╣”ŃĆé', 328, 2021, 'õĖŁµ¢ć', 2, 6, 'ACTIVE'),
    (4, '9787020042494', 'ńÖŠÕ╣┤ÕŁżńŗ¼', 'https://images.example.com/books/one-hundred-years.jpg', 'PHYSICAL_ONLY', NULL, NULL, 'õĖ¢ńĢīµ¢ćÕŁ”ÕÉŹĶæŚŃĆé', 360, 2017, 'õĖŁµ¢ć', 3, 7, 'ACTIVE'),
    (5, '9787302655565', 'õ║║ÕĘźµÖ║ĶāĮÕ»╝Ķ«║', 'https://images.example.com/books/ai-intro.jpg', 'DIGITAL_ONLY', 'https://campus.example.com/ebooks/ai-intro', 'LICENSED_ACCESS', 'ķĆéÕÉłķ½śµĀĪĶ»Šń©ŗµĢÖÕŁ”ńÜä AI Õ¤║ńĪĆµĢÖµØÉŃĆé', 420, 2024, 'õĖŁµ¢ć', 4, 6, 'ACTIVE'),
    (6, '9787300299969', 'ń╗ÅµĄÄÕŁ”ÕÄ¤ńÉå', 'https://images.example.com/books/economics-principles.jpg', 'PHYSICAL_ONLY', NULL, NULL, 'Õ«ÅĶ¦éõĖÄÕŠ«Ķ¦éń╗ÅµĄÄÕŁ”Õ¤║ńĪĆµĢÖµØÉŃĆé', 512, 2020, 'õĖŁµ¢ć', 4, 4, 'ACTIVE'),
    (7, '9787302566106', 'µĘ▒Õ║”ÕŁ”õ╣ĀõĖÄµÄ©ĶŹÉń│╗ń╗¤', 'https://images.example.com/books/dl-recsys.jpg', 'HYBRID', 'https://campus.example.com/ebooks/dl-recsys', 'CAMPUS_ONLY', 'ń╗ōÕÉłµĘ▒Õ║”ÕŁ”õ╣ĀõĖÄµÄ©ĶŹÉń│╗ń╗¤ÕĘźń©ŗÕ«×ĶĘĄŃĆé', 388, 2023, 'õĖŁµ¢ć', 1, 6, 'ACTIVE'),
    (8, '9787010252452', 'õĖŁÕøĮĶ┐æńÄ░õ╗ŻÕÅ▓ń║▓Ķ”ü', 'https://images.example.com/books/modern-history-cn.jpg', 'PHYSICAL_ONLY', NULL, NULL, 'ķ½śµĀĪķĆÜĶ»åĶ»Šń©ŗµĢÖµØÉŃĆé', 280, 2022, 'õĖŁµ¢ć', 3, 3, 'ACTIVE');

INSERT INTO book_authors (book_id, author_id, author_order) VALUES
    (1, 1, 1),
    (2, 2, 1),
    (3, 3, 1),
    (4, 4, 1),
    (5, 6, 1),
    (6, 5, 1),
    (7, 6, 1),
    (7, 3, 2),
    (8, 7, 1);

INSERT INTO book_copies (
    copy_id, book_id, status, acquisition_date, price, notes, location_code, rfid_tag, floor_plan_id
) VALUES
    (1, 1, 'AVAILABLE', DATE_SUB(CURRENT_DATE, INTERVAL 220 DAY), 88.00, NULL, 'A-01-01', 'RFID-EJ-0001', 1),
    (2, 1, 'BORROWED', DATE_SUB(CURRENT_DATE, INTERVAL 210 DAY), 88.00, NULL, 'A-01-02', 'RFID-EJ-0002', 1),
    (3, 1, 'RESERVED', DATE_SUB(CURRENT_DATE, INTERVAL 205 DAY), 88.00, 'ÕĘ▓õĖ║ķóäń║”ńö©µłĘķöüÕ«Ü', 'A-01-03', 'RFID-EJ-0003', 1),
    (4, 2, 'AVAILABLE', DATE_SUB(CURRENT_DATE, INTERVAL 180 DAY), 76.50, NULL, 'A-02-01', 'RFID-SB-0001', 1),
    (5, 2, 'AVAILABLE', DATE_SUB(CURRENT_DATE, INTERVAL 175 DAY), 76.50, NULL, 'A-02-02', 'RFID-SB-0002', 1),
    (6, 3, 'BORROWED', DATE_SUB(CURRENT_DATE, INTERVAL 150 DAY), 69.90, NULL, 'A-03-01', 'RFID-ML-0001', 2),
    (7, 4, 'AVAILABLE', DATE_SUB(CURRENT_DATE, INTERVAL 140 DAY), 45.00, NULL, 'B-01-01', 'RFID-LIT-0001', 2),
    (8, 4, 'LOST', DATE_SUB(CURRENT_DATE, INTERVAL 138 DAY), 45.00, 'Ķ»╗ĶĆģµŖźÕż▒ÕżäńÉåõĖŁ', 'B-01-02', 'RFID-LIT-0002', 2),
    (9, 6, 'AVAILABLE', DATE_SUB(CURRENT_DATE, INTERVAL 120 DAY), 96.00, NULL, 'C-01-01', 'RFID-ECO-0001', 3),
    (10, 6, 'AVAILABLE', DATE_SUB(CURRENT_DATE, INTERVAL 118 DAY), 96.00, NULL, 'C-01-02', 'RFID-ECO-0002', 3),
    (11, 7, 'AVAILABLE', DATE_SUB(CURRENT_DATE, INTERVAL 100 DAY), 82.00, NULL, 'A-04-01', 'RFID-RS-0001', 2),
    (12, 7, 'AVAILABLE', DATE_SUB(CURRENT_DATE, INTERVAL 98 DAY), 82.00, NULL, 'A-04-02', 'RFID-RS-0002', 2),
    (13, 8, 'AVAILABLE', DATE_SUB(CURRENT_DATE, INTERVAL 80 DAY), 38.00, NULL, 'D-01-01', 'RFID-HIS-0001', 3),
    (14, 2, 'BORROWED', DATE_SUB(CURRENT_DATE, INTERVAL 75 DAY), 76.50, NULL, 'A-02-03', 'RFID-SB-0003', 1),
    (15, 3, 'DAMAGED', DATE_SUB(CURRENT_DATE, INTERVAL 70 DAY), 69.90, 'Õ░üķØóńĀ┤µŹ¤’╝īÕŠģõ┐«ÕżŹ', 'A-03-02', 'RFID-ML-0002', 2);

INSERT INTO loans (
    loan_id, copy_id, user_id, borrow_date, due_date, return_date, status, renewal_count, create_time, update_time
) VALUES
    (1, 2, 2, DATE_SUB(CURRENT_DATE, INTERVAL 5 DAY), DATE_ADD(CURRENT_DATE, INTERVAL 9 DAY), NULL, 'ACTIVE', 0, DATE_SUB(UTC_TIMESTAMP(), INTERVAL 5 DAY), DATE_SUB(UTC_TIMESTAMP(), INTERVAL 5 DAY)),
    (2, 6, 2, DATE_SUB(CURRENT_DATE, INTERVAL 21 DAY), DATE_SUB(CURRENT_DATE, INTERVAL 7 DAY), NULL, 'OVERDUE', 1, DATE_SUB(UTC_TIMESTAMP(), INTERVAL 21 DAY), DATE_SUB(UTC_TIMESTAMP(), INTERVAL 1 DAY)),
    (3, 11, 3, DATE_SUB(CURRENT_DATE, INTERVAL 30 DAY), DATE_SUB(CURRENT_DATE, INTERVAL 16 DAY), DATE_SUB(CURRENT_DATE, INTERVAL 20 DAY), 'RETURNED', 0, DATE_SUB(UTC_TIMESTAMP(), INTERVAL 30 DAY), DATE_SUB(UTC_TIMESTAMP(), INTERVAL 20 DAY)),
    (4, 8, 6, DATE_SUB(CURRENT_DATE, INTERVAL 50 DAY), DATE_SUB(CURRENT_DATE, INTERVAL 36 DAY), NULL, 'LOST', 0, DATE_SUB(UTC_TIMESTAMP(), INTERVAL 50 DAY), DATE_SUB(UTC_TIMESTAMP(), INTERVAL 3 DAY)),
    (5, 14, 7, DATE_SUB(CURRENT_DATE, INTERVAL 2 DAY), DATE_ADD(CURRENT_DATE, INTERVAL 12 DAY), NULL, 'ACTIVE', 0, DATE_SUB(UTC_TIMESTAMP(), INTERVAL 2 DAY), DATE_SUB(UTC_TIMESTAMP(), INTERVAL 2 DAY));

INSERT INTO reservations (
    reservation_id, book_id, user_id, reservation_date, expiry_date, status,
    allocated_copy_id, pickup_deadline, notification_sent, create_time, update_time
) VALUES
    (1, 1, 3, DATE_SUB(CURRENT_DATE, INTERVAL 1 DAY), DATE_ADD(CURRENT_DATE, INTERVAL 6 DAY), 'PENDING', NULL, NULL, b'0', DATE_SUB(UTC_TIMESTAMP(), INTERVAL 1 DAY), DATE_SUB(UTC_TIMESTAMP(), INTERVAL 1 DAY)),
    (2, 1, 2, DATE_SUB(CURRENT_DATE, INTERVAL 2 DAY), DATE_ADD(CURRENT_DATE, INTERVAL 5 DAY), 'AWAITING_PICKUP', 3, DATE_ADD(UTC_TIMESTAMP(), INTERVAL 2 DAY), b'1', DATE_SUB(UTC_TIMESTAMP(), INTERVAL 2 DAY), DATE_SUB(UTC_TIMESTAMP(), INTERVAL 2 DAY)),
    (3, 6, 7, DATE_SUB(CURRENT_DATE, INTERVAL 10 DAY), DATE_SUB(CURRENT_DATE, INTERVAL 3 DAY), 'CANCELLED', NULL, NULL, b'0', DATE_SUB(UTC_TIMESTAMP(), INTERVAL 10 DAY), DATE_SUB(UTC_TIMESTAMP(), INTERVAL 8 DAY)),
    (4, 7, 6, DATE_SUB(CURRENT_DATE, INTERVAL 20 DAY), DATE_SUB(CURRENT_DATE, INTERVAL 13 DAY), 'EXPIRED', NULL, NULL, b'0', DATE_SUB(UTC_TIMESTAMP(), INTERVAL 20 DAY), DATE_SUB(UTC_TIMESTAMP(), INTERVAL 13 DAY));

INSERT INTO fines (
    fine_id, loan_id, user_id, amount, reason, date_issued, date_paid, status, create_time, update_time
) VALUES
    (1, 2, 2, 4.20, 'ķĆŠµ£¤ÕĮÆĶ┐ś 7 Õż®', DATE_SUB(CURRENT_DATE, INTERVAL 6 DAY), NULL, 'PENDING', DATE_SUB(UTC_TIMESTAMP(), INTERVAL 6 DAY), DATE_SUB(UTC_TIMESTAMP(), INTERVAL 1 DAY)),
    (2, 4, 6, 88.00, 'ķ”åĶŚÅķüŚÕż▒ĶĄöÕü┐', DATE_SUB(CURRENT_DATE, INTERVAL 3 DAY), NULL, 'PENDING', DATE_SUB(UTC_TIMESTAMP(), INTERVAL 3 DAY), DATE_SUB(UTC_TIMESTAMP(), INTERVAL 3 DAY)),
    (3, 3, 3, 1.50, 'ķóäń║”µ£¬µīēµŚČÕł░ķ”åńĪ«Ķ«ż', DATE_SUB(CURRENT_DATE, INTERVAL 19 DAY), DATE_SUB(CURRENT_DATE, INTERVAL 18 DAY), 'PAID', DATE_SUB(UTC_TIMESTAMP(), INTERVAL 19 DAY), DATE_SUB(UTC_TIMESTAMP(), INTERVAL 18 DAY));

INSERT INTO notifications (
    notification_id, user_id, type, title, content, is_read,
    target_type, target_id, route_hint, business_key, send_time
) VALUES
    (1, 2, 'DUE_REMINDER', 'ÕĆ¤ķśģÕŹ│Õ░åÕł░µ£¤', 'õĮĀÕĆ¤ķśģńÜäŃĆŖEffective JavaŃĆŗÕ░åÕ£© 9 Õż®ÕåģÕł░µ£¤’╝īĶ»ĘµīēµŚČÕĮÆĶ┐śµł¢ń╗ŁÕĆ¤ŃĆé', b'0', 'LOAN', '1', '/my/loans', 'LOAN_DUE_1', DATE_SUB(UTC_TIMESTAMP(), INTERVAL 12 HOUR)),
    (2, 2, 'ARRIVAL_NOTICE', 'ķóäń║”ÕøŠõ╣”ÕĘ▓Õł░ķ”å', 'õĮĀķóäń║”ńÜäŃĆŖEffective JavaŃĆŗÕĘ▓õĖ║õĮĀķöüÕ«Ü’╝īĶ»ĘÕ£©õĖżÕż®ÕåģÕł░ķ”åÕÅ¢õ╣”ŃĆé', b'0', 'RESERVATION', '2', '/my/reservations', 'RES_PICKUP_2', DATE_SUB(UTC_TIMESTAMP(), INTERVAL 6 HOUR)),
    (3, 3, 'SYSTEM', 'ń│╗ń╗¤ÕŹćń║¦ķĆÜń¤ź', 'ķ”åĶŚÅµŻĆń┤óõĖÄµÄ©ĶŹÉµ£ŹÕŖĪÕĘ▓Õ«īµłÉÕŹćń║¦’╝īµ¼óĶ┐Äń╗¦ń╗ŁõĮ┐ńö©ŃĆé', b'1', 'SYSTEM', 'ANNOUNCEMENT-202603', '/notifications', 'SYS_UPGRADE_NOTICE', DATE_SUB(UTC_TIMESTAMP(), INTERVAL 2 DAY)),
    (4, 6, 'NEW_BOOK_RECOMMEND', 'Demo Teacher µÄ©ĶŹÉõ║åµ¢░õ╣”', 'ŃĆŖµĘ▒Õ║”ÕŁ”õ╣ĀõĖÄµÄ©ĶŹÉń│╗ń╗¤ŃĆŗ’╝ÜµÄ©ĶŹÉń╗ÖµŁŻÕ£©ÕüÜĶ»Šń©ŗĶ«ŠĶ«ĪÕÆīµ»ĢĶ«ŠńÜäÕÉīÕŁ”ŃĆé', b'0', 'RECOMMENDATION', '1', '/my/recommendations', 'TEACHER_RECOMMENDATION', DATE_SUB(UTC_TIMESTAMP(), INTERVAL 4 HOUR)),
    (5, 2, 'NEW_BOOK_RECOMMEND', 'Demo Teacher µÄ©ĶŹÉõ║åµ¢░õ╣”', 'ŃĆŖõ║║ÕĘźµÖ║ĶāĮÕ»╝Ķ«║ŃĆŗ’╝ÜķĆéÕÉłõĮ£õĖ║ AI ÕģźķŚ©Ķ»Šń©ŗńÜäķģŹÕźŚķśģĶ»╗ŃĆé', b'0', 'RECOMMENDATION', '2', '/my/recommendations', 'TEACHER_RECOMMENDATION_2', DATE_SUB(UTC_TIMESTAMP(), INTERVAL 2 HOUR));

INSERT INTO search_history (search_id, user_id, keyword, result_count, search_time) VALUES
    (1, 2, 'Java', 12, DATE_SUB(UTC_TIMESTAMP(), INTERVAL 2 DAY)),
    (2, 2, 'Spring Boot', 4, DATE_SUB(UTC_TIMESTAMP(), INTERVAL 1 DAY)),
    (3, 3, 'µÄ©ĶŹÉń│╗ń╗¤', 6, DATE_SUB(UTC_TIMESTAMP(), INTERVAL 18 HOUR)),
    (4, 6, 'ń╗ÅµĄÄÕŁ”', 8, DATE_SUB(UTC_TIMESTAMP(), INTERVAL 12 HOUR)),
    (5, 7, 'õĖŁÕøĮĶ┐æńÄ░õ╗ŻÕÅ▓', 3, DATE_SUB(UTC_TIMESTAMP(), INTERVAL 9 HOUR)),
    (6, NULL, 'µ£║ÕÖ©ÕŁ”õ╣Ā', 10, DATE_SUB(UTC_TIMESTAMP(), INTERVAL 7 HOUR)),
    (7, 2, 'õ║║ÕĘźµÖ║ĶāĮÕ»╝Ķ«║', 1, DATE_SUB(UTC_TIMESTAMP(), INTERVAL 5 HOUR)),
    (8, 6, 'ńÖŠÕ╣┤ÕŁżńŗ¼', 2, DATE_SUB(UTC_TIMESTAMP(), INTERVAL 3 HOUR));

INSERT INTO user_behavior_logs (log_id, user_id, book_id, action_type, duration_seconds, device_type, create_time) VALUES
    (1, 2, 1, 'VIEW_DETAIL', 95, 'web', DATE_SUB(UTC_TIMESTAMP(), INTERVAL 2 DAY)),
    (2, 2, 1, 'BORROW_BOOK', 40, 'web', DATE_SUB(UTC_TIMESTAMP(), INTERVAL 5 DAY)),
    (3, 2, 3, 'RESERVE_BOOK', 30, 'mobile', DATE_SUB(UTC_TIMESTAMP(), INTERVAL 2 DAY)),
    (4, 3, 7, 'SHARE', 20, 'web', DATE_SUB(UTC_TIMESTAMP(), INTERVAL 1 DAY)),
    (5, 3, 5, 'CLICK_PREVIEW', 140, 'web', DATE_SUB(UTC_TIMESTAMP(), INTERVAL 20 HOUR)),
    (6, 6, 6, 'VIEW_DETAIL', 70, 'mobile', DATE_SUB(UTC_TIMESTAMP(), INTERVAL 14 HOUR)),
    (7, 6, 4, 'ADD_TO_SHELF', 15, 'mobile', DATE_SUB(UTC_TIMESTAMP(), INTERVAL 12 HOUR)),
    (8, 7, 8, 'VIEW_DETAIL', 82, 'web', DATE_SUB(UTC_TIMESTAMP(), INTERVAL 10 HOUR)),
    (9, 7, 2, 'CLICK_PREVIEW', 58, 'web', DATE_SUB(UTC_TIMESTAMP(), INTERVAL 8 HOUR)),
    (10, 2, 7, 'VIEW_DETAIL', 110, 'mobile', DATE_SUB(UTC_TIMESTAMP(), INTERVAL 4 HOUR));

INSERT INTO book_reviews (
    review_id, book_id, user_id, loan_id, rating, comment_text, status, create_time, update_time
) VALUES
    (1, 7, 3, 3, 5, 'ÕåģÕ«╣Ķ┤┤Ķ┐æµĢÖÕŁ”Õ£║µÖ»’╝īµĪłõŠŗń╗ōµ×äµĖģµÖ░’╝īķĆéÕÉłĶ»ŠÕĀéõĖÄĶ»Šń©ŗĶ«ŠĶ«ĪŃĆé', 'APPROVED', DATE_SUB(UTC_TIMESTAMP(), INTERVAL 15 DAY), DATE_SUB(UTC_TIMESTAMP(), INTERVAL 14 DAY)),
    (2, 1, 2, 1, 4, 'µØĪńø«Õ╝ÅÕ╗║Ķ««ÕŠłÕżÜ’╝īķĆéÕÉłÕżŹõ╣Ā Java ÕĘźń©ŗń╗åĶŖéŃĆé', 'PENDING', DATE_SUB(UTC_TIMESTAMP(), INTERVAL 1 DAY), DATE_SUB(UTC_TIMESTAMP(), INTERVAL 1 DAY)),
    (3, 4, 6, 4, 3, 'ń╗ÅÕģĖµ¢ćÕŁ”õĮ£Õōü’╝īķ”åĶŚÅÕē»µ£¼Õ”éµ×£ÕåŹÕżÜõĖĆõ║øõ╝Üµø┤ÕźĮŃĆé', 'REJECTED', DATE_SUB(UTC_TIMESTAMP(), INTERVAL 7 DAY), DATE_SUB(UTC_TIMESTAMP(), INTERVAL 6 DAY));

INSERT INTO user_feedbacks (
    feedback_id, user_id, category, subject, content, contact_email,
    status, admin_reply, handled_by, reply_time, create_time, update_time
) VALUES
    (1, 2, 'SYSTEM_BUG', 'ķóäń║”ķĪĄķØóÕüČÕÅæÕłĘµ¢░Õż▒Ķ┤ź', 'ń¦╗ÕŖ©ń½»Õ£©µÅÉõ║żķóäń║”ÕÉÄÕüČÕÅæÕü£ńĢÖÕ£©ÕŖĀĶĮĮńŖČµĆü’╝īÕłĘµ¢░ÕÉÄµēŹĶāĮń£ŗÕł░µ£Ćµ¢░ń╗ōµ×£ŃĆé', 'user@example.com', 'SUBMITTED', NULL, NULL, NULL, DATE_SUB(UTC_TIMESTAMP(), INTERVAL 9 HOUR), DATE_SUB(UTC_TIMESTAMP(), INTERVAL 9 HOUR)),
    (2, 6, 'SUGGESTION', 'ÕĖīµ£øÕó×ÕŖĀĶ┤óń╗Åõ╣”ÕŹĢõĖōÕī║', 'Õ╗║Ķ««Õ£©ķ”¢ķĪĄÕó×ÕŖĀĶ┤óń╗ÅõĖÄÕ░▒õĖÜµ¢╣ÕÉæńÜäõĖōķóśµÄ©ĶŹÉ’╝īõŠ┐õ║ÄÕ┐½ķĆ¤µēŠõ╣”ŃĆé', 'reader01@example.com', 'RESOLVED', 'ÕĘ▓ń║│ÕģźõĖŗõĖ¬ńēłµ£¼ķ”¢ķĪĄµö╣ńēłĶ«ĪÕłÆŃĆé', 'admin', DATE_SUB(UTC_TIMESTAMP(), INTERVAL 1 DAY), DATE_SUB(UTC_TIMESTAMP(), INTERVAL 3 DAY), DATE_SUB(UTC_TIMESTAMP(), INTERVAL 1 DAY));

INSERT INTO user_favorites (favorite_id, user_id, book_id, create_time) VALUES
    (1, 2, 1, DATE_SUB(UTC_TIMESTAMP(), INTERVAL 6 DAY)),
    (2, 2, 7, DATE_SUB(UTC_TIMESTAMP(), INTERVAL 2 DAY)),
    (3, 3, 5, DATE_SUB(UTC_TIMESTAMP(), INTERVAL 3 DAY)),
    (4, 6, 4, DATE_SUB(UTC_TIMESTAMP(), INTERVAL 1 DAY));

INSERT INTO service_appointments (
    appointment_id, user_id, loan_id, service_type, scheduled_time, method, status, notes, create_time, update_time
) VALUES
    (1, 2, 1, 'RETURN_BOOK', DATE_ADD(UTC_TIMESTAMP(), INTERVAL 1 DAY), 'COUNTER', 'PENDING', 'Ķ«ĪÕłÆõĖŗńÅŁÕÉÄÕł░µĆ╗µ£ŹÕŖĪÕÅ░ÕŖ×ńÉåÕĮÆĶ┐śŃĆé', DATE_SUB(UTC_TIMESTAMP(), INTERVAL 2 HOUR), DATE_SUB(UTC_TIMESTAMP(), INTERVAL 2 HOUR)),
    (2, 6, 4, 'CONSULTATION', DATE_ADD(UTC_TIMESTAMP(), INTERVAL 2 DAY), 'COUNTER', 'PENDING', 'ÕÆ©Ķ»óķüŚÕż▒ĶĄöÕü┐ÕÅŖĶĪźÕŖ×µĄüń©ŗŃĆé', DATE_SUB(UTC_TIMESTAMP(), INTERVAL 4 HOUR), DATE_SUB(UTC_TIMESTAMP(), INTERVAL 4 HOUR)),
    (3, 3, NULL, 'CONSULTATION', DATE_SUB(UTC_TIMESTAMP(), INTERVAL 1 DAY), 'SMART_LOCKER', 'COMPLETED', 'ÕĘ▓Õ«īµłÉµĢÖÕĖłĶŹÉõ╣”õĖōÕī║õĮ┐ńö©Õ¤╣Ķ«ŁŃĆé', DATE_SUB(UTC_TIMESTAMP(), INTERVAL 2 DAY), DATE_SUB(UTC_TIMESTAMP(), INTERVAL 1 DAY));

INSERT INTO seats (
    seat_id, seat_code, floor_name, floor_order, zone_name, area_name, seat_type,
    status, has_power, near_window, description
) VALUES
    (1, 'A101', 'õĖĆÕ▒é', 1, 'Õ«ēķØÖĶć¬õ╣ĀÕī║', 'õĖ£Õī║', 'STANDARD', 'AVAILABLE', b'1', b'1', 'ķØĀń¬ŚµĀćÕćåÕ║¦õĮŹ'),
    (2, 'A102', 'õĖĆÕ▒é', 1, 'Õ«ēķØÖĶć¬õ╣ĀÕī║', 'õĖ£Õī║', 'STANDARD', 'AVAILABLE', b'1', b'0', 'ķØĀÕóÖµĀćÕćåÕ║¦õĮŹ'),
    (3, 'A201', 'õ║īÕ▒é', 2, 'Ķ«Īń«Śµ£║ķśģĶ¦łÕī║', 'Ķź┐Õī║', 'COMPUTER', 'AVAILABLE', b'1', b'0', 'ķģŹÕżćÕÅ░Õ╝Åµ£║'),
    (4, 'A202', 'õ║īÕ▒é', 2, 'Ķ«Īń«Śµ£║ķśģĶ¦łÕī║', 'Ķź┐Õī║', 'COMPUTER', 'AVAILABLE', b'1', b'1', 'ķģŹÕżćÕÅ░Õ╝Åµ£║õĖöķØĀń¬Ś'),
    (5, 'B301', 'õĖēÕ▒é', 3, 'ńĀöĶ«©Õī║', 'ÕīŚÕī║', 'DISCUSSION', 'AVAILABLE', b'0', b'0', 'ķĆéÕÉłÕ░Åń╗äĶ«©Ķ«║'),
    (6, 'B302', 'õĖēÕ▒é', 3, 'ńĀöĶ«©Õī║', 'ÕīŚÕī║', 'DISCUSSION', 'UNAVAILABLE', b'0', b'1', 'Ķ«ŠÕżćń╗┤µŖżõĖŁ');

INSERT INTO seat_reservations (
    reservation_id, seat_id, user_id, start_time, end_time, status, notes, create_time, update_time
) VALUES
    (1, 1, 2, DATE_ADD(UTC_TIMESTAMP(), INTERVAL 2 HOUR), DATE_ADD(UTC_TIMESTAMP(), INTERVAL 5 HOUR), 'ACTIVE', 'ÕćåÕżćµĢ░µŹ«Õ║ōĶ»Šń©ŗÕ«×ķ¬īŃĆé', DATE_SUB(UTC_TIMESTAMP(), INTERVAL 30 MINUTE), DATE_SUB(UTC_TIMESTAMP(), INTERVAL 30 MINUTE)),
    (2, 2, 6, TIMESTAMP(DATE_ADD(CURRENT_DATE, INTERVAL 1 DAY), '09:00:00'), TIMESTAMP(DATE_ADD(CURRENT_DATE, INTERVAL 1 DAY), '12:00:00'), 'ACTIVE', 'ÕżŹõ╣ĀķćæĶ×ŹÕĖéÕ£║ÕŁ”ŃĆé', DATE_SUB(UTC_TIMESTAMP(), INTERVAL 1 HOUR), DATE_SUB(UTC_TIMESTAMP(), INTERVAL 1 HOUR)),
    (3, 3, 3, TIMESTAMP(DATE_SUB(CURRENT_DATE, INTERVAL 1 DAY), '14:00:00'), TIMESTAMP(DATE_SUB(CURRENT_DATE, INTERVAL 1 DAY), '17:00:00'), 'COMPLETED', 'ÕĘ▓Õ«īµłÉµÄ©ĶŹÉĶ»Šń©ŗĶĄäµ¢ÖµĢ┤ńÉåŃĆé', DATE_SUB(UTC_TIMESTAMP(), INTERVAL 2 DAY), DATE_SUB(UTC_TIMESTAMP(), INTERVAL 1 DAY));

INSERT INTO rbac_audit_logs (log_id, actor_user_id, actor_username, action_type, target_type, target_id, detail, create_time) VALUES
    (1, 1, 'admin', 'ROLE_SYNC', 'ROLE', 'LIBRARIAN', 'ÕÉīµŁźÕøŠõ╣”ń«ĪńÉåÕæśĶ¦ÆĶē▓µØāķÖÉķøåÕÉłŃĆé', DATE_SUB(UTC_TIMESTAMP(), INTERVAL 4 DAY)),
    (2, 1, 'admin', 'USER_ROLE_ASSIGN', 'USER', '5', 'õĖ║ librarian Ķ┤”ÕÅĘÕłåķģŹ LIBRARIAN ÕŖ©µĆüĶ¦ÆĶē▓ŃĆé', DATE_SUB(UTC_TIMESTAMP(), INTERVAL 4 DAY)),
    (3, 1, 'admin', 'USER_ROLE_ASSIGN', 'USER', '4', 'õĖ║ cataloger Ķ┤”ÕÅĘÕłåķģŹ CATALOGER ÕŖ©µĆüĶ¦ÆĶē▓ŃĆé', DATE_SUB(UTC_TIMESTAMP(), INTERVAL 4 DAY));

INSERT INTO ai_gateway_settings (
    settings_id, enabled, provider, base_url, model_name, encrypted_api_key, updated_by
) VALUES
    (1, b'0', 'openai', 'https://api.openai.com/v1', 'gpt-4.1-mini', NULL, 'system');

INSERT INTO recommendation_posts (
    post_id, author_user_id, book_id, content, create_time, update_time
) VALUES
    (1, 3, 7, 'µÄ©ĶŹÉń╗ÖµŁŻÕ£©ÕüÜĶ»Šń©ŗĶ«ŠĶ«ĪÕÆīµ»ĢõĖÜĶ«ŠĶ«ĪńÜäÕÉīÕŁ”ŃĆéĶ┐Öµ£¼õ╣”µŖŖÕÅ¼Õø×ŃĆüµÄÆÕ║ÅÕÆīńē╣ÕŠüÕĘźń©ŗĶ«▓ÕŠŚµ»öĶŠāń│╗ń╗¤’╝īõ╣¤Õģ╝ķĪŠÕĘźń©ŗĶÉĮÕ£░ŃĆé', DATE_SUB(UTC_TIMESTAMP(), INTERVAL 5 HOUR), DATE_SUB(UTC_TIMESTAMP(), INTERVAL 5 HOUR)),
    (2, 3, 5, 'Õ”éµ×£õĮĀµś»ń¼¼õĖĆµ¼Īń│╗ń╗¤ÕŁ”õ╣Āõ║║ÕĘźµÖ║ĶāĮ’╝īÕÅ»õ╗źÕģłõ╗ÄĶ┐Öµ£¼µĢÖµØÉÕģźµēŗ’╝īÕåŹķģŹÕÉłĶ»Šń©ŗÕ«×ķ¬īÕüÜń¤źĶ»åµó│ńÉåŃĆé', DATE_SUB(UTC_TIMESTAMP(), INTERVAL 3 HOUR), DATE_SUB(UTC_TIMESTAMP(), INTERVAL 3 HOUR));

INSERT INTO recommendation_likes (like_id, post_id, user_id, create_time) VALUES
    (1, 1, 2, DATE_SUB(UTC_TIMESTAMP(), INTERVAL 4 HOUR)),
    (2, 1, 6, DATE_SUB(UTC_TIMESTAMP(), INTERVAL 3 HOUR)),
    (3, 2, 1, DATE_SUB(UTC_TIMESTAMP(), INTERVAL 2 HOUR));

INSERT INTO recommendation_follows (follow_id, follower_user_id, teacher_user_id, create_time) VALUES
    (1, 2, 3, DATE_SUB(UTC_TIMESTAMP(), INTERVAL 10 DAY)),
    (2, 6, 3, DATE_SUB(UTC_TIMESTAMP(), INTERVAL 8 DAY)),
    (3, 7, 3, DATE_SUB(UTC_TIMESTAMP(), INTERVAL 7 DAY));

INSERT INTO users (
    user_id, username, password_hash, email, full_name, role, status,
    department, major, identity_type, enrollment_year, interest_tags, token_valid_after
) VALUES
    (8, 'teacher02', '$2a$10$SePxsIBnNxSUtKGRqLcktelUh3En5ALZ/wFeJ/.mHKvOoNewArARG', 'teacher02@library.com', 'Wang Teacher', 'USER', 'ACTIVE', 'School of Statistics', 'Data Science Teaching', 'TEACHER', 2015, '["Data Science","Statistics","Python"]', DATE_SUB(UTC_TIMESTAMP(), INTERVAL 1 DAY)),
    (9, 'reader03', '$2a$10$DxDRdhqESD4iRRcLwSc/.OP6xbIaNZRx3dc5sr8AbbryhLRnA0ULq', 'reader03@example.com', 'Chen Yu', 'USER', 'ACTIVE', 'School of Data Science', 'Data Science', 'STUDENT', 2022, '["Data Analysis","Python","AI"]', DATE_SUB(UTC_TIMESTAMP(), INTERVAL 1 DAY)),
    (10, 'reader04', '$2a$10$DxDRdhqESD4iRRcLwSc/.OP6xbIaNZRx3dc5sr8AbbryhLRnA0ULq', 'reader04@example.com', 'Lin Mo', 'USER', 'ACTIVE', 'School of Computer Science', 'Artificial Intelligence', 'STUDENT', 2023, '["Recommendation","Algorithms","Backend"]', DATE_SUB(UTC_TIMESTAMP(), INTERVAL 1 DAY)),
    (11, 'reader05', '$2a$10$DxDRdhqESD4iRRcLwSc/.OP6xbIaNZRx3dc5sr8AbbryhLRnA0ULq', 'reader05@example.com', 'Xu Qing', 'USER', 'ACTIVE', 'School of Humanities', 'Chinese Literature', 'STUDENT', 2021, '["Fiction","Essay","History"]', DATE_SUB(UTC_TIMESTAMP(), INTERVAL 1 DAY)),
    (12, 'reader06', '$2a$10$DxDRdhqESD4iRRcLwSc/.OP6xbIaNZRx3dc5sr8AbbryhLRnA0ULq', 'reader06@example.com', 'He Ran', 'USER', 'ACTIVE', 'School of Economics', 'Finance', 'STUDENT', 2022, '["Finance","Investment","Management"]', DATE_SUB(UTC_TIMESTAMP(), INTERVAL 1 DAY)),
    (13, 'service01', '$2a$10$5idgV1GizC1hGrW.PitgQOxuCIxJ/oOYpVbeb5dSYCl.Acvym8QV6', 'service01@library.com', 'Reader Service Staff', 'USER', 'ACTIVE', 'Reader Service Center', 'Circulation', 'STAFF', 2020, '["Service","Circulation","Support"]', DATE_SUB(UTC_TIMESTAMP(), INTERVAL 1 DAY)),
    (14, 'teacher03', '$2a$10$SePxsIBnNxSUtKGRqLcktelUh3En5ALZ/wFeJ/.mHKvOoNewArARG', 'teacher03@library.com', 'Li Teacher', 'USER', 'ACTIVE', 'School of Economics', 'Economics Teaching', 'TEACHER', 2011, '["Economics","Finance","Public Policy"]', DATE_SUB(UTC_TIMESTAMP(), INTERVAL 1 DAY)),
    (15, 'graduate01', '$2a$10$DxDRdhqESD4iRRcLwSc/.OP6xbIaNZRx3dc5sr8AbbryhLRnA0ULq', 'graduate01@example.com', 'Gao Wen', 'USER', 'ACTIVE', 'School of Computer Science', 'Software Engineering', 'STUDENT', 2020, '["Distributed Systems","Data","Papers"]', DATE_SUB(UTC_TIMESTAMP(), INTERVAL 1 DAY)),
    (16, 'graduate02', '$2a$10$DxDRdhqESD4iRRcLwSc/.OP6xbIaNZRx3dc5sr8AbbryhLRnA0ULq', 'graduate02@example.com', 'Sun Yi', 'USER', 'ACTIVE', 'School of Computer Science', 'Artificial Intelligence', 'STUDENT', 2020, '["ML","CV","Search"]', DATE_SUB(UTC_TIMESTAMP(), INTERVAL 1 DAY)),
    (17, 'reader07', '$2a$10$DxDRdhqESD4iRRcLwSc/.OP6xbIaNZRx3dc5sr8AbbryhLRnA0ULq', 'reader07@example.com', 'Tang Jie', 'USER', 'ACTIVE', 'School of Public Administration', 'Information Management', 'STUDENT', 2024, '["Database","Service Design","Management"]', DATE_SUB(UTC_TIMESTAMP(), INTERVAL 1 DAY)),
    (18, 'reader08', '$2a$10$DxDRdhqESD4iRRcLwSc/.OP6xbIaNZRx3dc5sr8AbbryhLRnA0ULq', 'reader08@example.com', 'Zheng Fan', 'USER', 'ACTIVE', 'School of Mathematics', 'Applied Mathematics', 'STUDENT', 2023, '["Algorithms","Probability","Optimization"]', DATE_SUB(UTC_TIMESTAMP(), INTERVAL 1 DAY));

INSERT INTO user_roles (user_id, role_id) VALUES
    (13, 2);

INSERT INTO publishers (publisher_id, name, address, contact_info, is_deleted) VALUES
    (5, 'õĖŁõ┐ĪÕć║ńēłńżŠ', 'ÕīŚõ║¼ÕĖéµ£Øķś│Õī║µāĀµ¢░õĖ£ĶĪŚńö▓4ÕÅĘ', '010-60000005', b'0'),
    (6, 'O''Reilly Media', '1005 Gravenstein Highway North, Sebastopol', '001-707-8277000', b'0'),
    (7, 'õ║║µ░æķé«ńöĄÕć║ńēłńżŠ', 'ÕīŚõ║¼ÕĖéõĖ░ÕÅ░Õī║µłÉÕ»┐Õ»║ĶĘ»11ÕÅĘ', '010-60000007', b'0'),
    (8, 'Cambridge University Press', 'Shaftesbury Road, Cambridge', '0044-1223-326070', b'0');

INSERT INTO categories (category_id, name, parent_id, description, is_deleted) VALUES
    (9, 'µĢ░µŹ«ń¦æÕŁ”', 6, 'µĢ░µŹ«Õłåµ×ÉŃĆüń╗¤Ķ«ĪÕŁ”õ╣ĀõĖÄµĢ░µŹ«ÕĘźń©ŗ', b'0'),
    (10, 'ĶĮ»õ╗ČÕĘźń©ŗ', 5, 'ÕĘźń©ŗÕ«×ĶĘĄŃĆüµ×Čµ×äõĖÄÕ╝ĆÕÅæµ¢╣µ│Ģ', b'0'),
    (11, 'ń╗ÅÕģĖµ¢ćÕŁ”', 2, 'ÕøĮÕåģÕż¢ń╗ÅÕģĖµ¢ćÕŁ”õĮ£Õōü', b'0'),
    (12, 'ķćæĶ×ŹµŖĢĶĄä', 4, 'ķćæĶ×ŹÕĖéÕ£║ŃĆüµŖĢĶĄäõĖÄķŻÄķÖ®ń«ĪńÉå', b'0'),
    (13, 'ńö©µłĘõĮōķ¬īõĖÄµ£ŹÕŖĪ', 8, 'µ£ŹÕŖĪĶ«ŠĶ«ĪŃĆüõĮōķ¬īń«ĪńÉåõĖÄĶ»╗ĶĆģµ£ŹÕŖĪ', b'0');

INSERT INTO authors (author_id, name, biography, birth_year, death_year, is_deleted) VALUES
    (8, 'Robert C. Martin', 'ĶĮ»õ╗ČÕĘźń©ŗõĖÄµĢ┤µ┤üõ╗ŻńĀüÕ«×ĶĘĄõĮ£ĶĆģŃĆé', 1952, NULL, b'0'),
    (9, 'Martin Kleppmann', 'ÕłåÕĖāÕ╝Åń│╗ń╗¤õĖÄµĢ░µŹ«Õ¤║ńĪĆĶ«Šµ¢ĮõĮ£ĶĆģŃĆé', 1986, NULL, b'0'),
    (10, 'õĮÖÕŹÄ', 'õĖŁÕøĮÕĮōõ╗ŻõĮ£Õ«Č’╝īõ╗ŻĶĪ©õĮ£Õīģµŗ¼ŃĆŖµ┤╗ńØĆŃĆŗŃĆé', 1960, NULL, b'0'),
    (11, 'Wes McKinney', 'Pandas õĮ£ĶĆģ’╝īµĢ░µŹ«Õłåµ×ÉÕ«×ĶĘĄõĖōÕ«ČŃĆé', 1984, NULL, b'0'),
    (12, 'Thomas H. Cormen', 'ń«Śµ│ĢµĢÖµØÉõĮ£ĶĆģõ╣ŗõĖĆŃĆé', 1956, NULL, b'0'),
    (13, 'Abraham Silberschatz', 'µōŹõĮ£ń│╗ń╗¤õĖÄµĢ░µŹ«Õ║ōµĢÖµØÉõĮ£ĶĆģŃĆé', 1952, NULL, b'0'),
    (14, 'ńÄŗńÅŖ', 'µĢ░µŹ«Õ║ōń│╗ń╗¤µ¢╣ÕÉæµĢÖµØÉõĮ£ĶĆģŃĆé', 1946, NULL, b'0'),
    (15, 'ķ¤®Õż®Õ│░', 'µ£ŹÕŖĪĶ«ŠĶ«ĪõĖÄńö©µłĘõĮōķ¬īńĀöń®ČĶĆģŃĆé', NULL, NULL, b'0'),
    (16, 'ķÖłÕ╝║', 'ķćæĶ×ŹÕŁ”õĖÄµŖĢĶĄäÕŁ”µĢÖµØÉõĮ£ĶĆģŃĆé', NULL, NULL, b'0'),
    (17, 'ń╗¤Ķ«ĪĶ»Šń©ŗń╗ä', 'ķ½śµĀĪń╗¤Ķ«ĪĶ»Šń©ŗÕ╗║Ķ«ŠÕøóķś¤ŃĆé', NULL, NULL, b'0'),
    (18, 'Thomas H. Cormen ńŁē', 'ń«Śµ│ĢÕ»╝Ķ«║ĶüöÕÉłõĮ£ĶĆģÕøóķś¤ŃĆé', NULL, NULL, b'0');

INSERT INTO books (
    book_id, isbn, title, cover_url, resource_mode, online_access_url, online_access_type,
    description, page_count, published_year, language, publisher_id, category_id, status
) VALUES
    (9, '9780132350884', 'Clean Code', 'https://images.example.com/books/clean-code.jpg', 'PHYSICAL_ONLY', NULL, NULL, 'ĶĮ»õ╗ČÕĘźń©ŗõ╗ŻńĀüĶ┤©ķćÅń╗ÅÕģĖŃĆé', 464, 2010, 'English', 6, 10, 'ACTIVE'),
    (10, '9781449373320', 'Designing Data-Intensive Applications', 'https://images.example.com/books/ddia.jpg', 'HYBRID', 'https://campus.example.com/ebooks/ddia', 'CAMPUS_ONLY', 'µĢ░µŹ«Õ»åķøåÕ×ŗÕ║öńö©ń│╗ń╗¤Ķ«ŠĶ«Īń╗ÅÕģĖŃĆé', 616, 2018, 'English', 8, 9, 'ACTIVE'),
    (11, '9787115471307', 'ń╗¤Ķ«ĪÕŁ”õ╣Āµ¢╣µ│Ģ', 'https://images.example.com/books/stat-learning.jpg', 'PHYSICAL_ONLY', NULL, NULL, 'ń╗¤Ķ«ĪÕŁ”õ╣ĀõĖÄµ£║ÕÖ©ÕŁ”õ╣Āń╗ÅÕģĖµĢÖµØÉŃĆé', 424, 2019, 'õĖŁµ¢ć', 7, 9, 'ACTIVE'),
    (12, '9787506365437', 'µ┤╗ńØĆ', 'https://images.example.com/books/to-live.jpg', 'PHYSICAL_ONLY', NULL, NULL, 'õĖŁÕøĮÕĮōõ╗Żµ¢ćÕŁ”õ╗ŻĶĪ©õĮ£ÕōüŃĆé', 191, 2012, 'õĖŁµ¢ć', 3, 11, 'ACTIVE'),
    (13, '9787521753455', 'ķćæĶ×ŹÕŁ”', 'https://images.example.com/books/finance.jpg', 'PHYSICAL_ONLY', NULL, NULL, 'ķćæĶ×ŹÕĖéÕ£║õĖÄķćæĶ×Źµ£║µ×äÕ¤║ńĪĆµĢÖµØÉŃĆé', 430, 2022, 'õĖŁµ¢ć', 5, 12, 'ACTIVE'),
    (14, '9781098104030', 'Python for Data Analysis', 'https://images.example.com/books/python-data-analysis.jpg', 'HYBRID', 'https://campus.example.com/ebooks/python-data-analysis', 'LICENSED_ACCESS', 'Pandas µĢ░µŹ«Õłåµ×ÉÕ«×ĶĘĄµĢÖµØÉŃĆé', 579, 2023, 'English', 6, 9, 'ACTIVE'),
    (15, '9781119800361', 'Operating System Concepts', 'https://images.example.com/books/os-concepts.jpg', 'PHYSICAL_ONLY', NULL, NULL, 'µōŹõĮ£ń│╗ń╗¤µĀĖÕ┐āµ”éÕ┐ĄõĖÄµĪłõŠŗŃĆé', 944, 2021, 'English', 8, 10, 'ACTIVE'),
    (16, '9787040581591', 'µĢ░µŹ«Õ║ōń│╗ń╗¤µ”éĶ«║', 'https://images.example.com/books/db-concepts.jpg', 'PHYSICAL_ONLY', NULL, NULL, 'µĢ░µŹ«Õ║ōń│╗ń╗¤Ķ»Šń©ŗÕ¤║ńĪĆµĢÖµØÉŃĆé', 510, 2023, 'õĖŁµ¢ć', 4, 10, 'ACTIVE'),
    (17, '9787521749120', 'µ£ŹÕŖĪĶ«ŠĶ«ĪõĖÄńö©µłĘõĮōķ¬ī', 'https://images.example.com/books/service-design.jpg', 'PHYSICAL_ONLY', NULL, NULL, 'Õø┤ń╗Ģµ£ŹÕŖĪĶ«ŠĶ«ĪÕÆīńö©µłĘµŚģń©ŗńÜäÕ«×ĶĘĄõ╣”ŃĆé', 320, 2022, 'õĖŁµ¢ć', 5, 13, 'ACTIVE'),
    (18, '9780262046305', 'ń«Śµ│ĢÕ»╝Ķ«║', 'https://images.example.com/books/clrs.jpg', 'PHYSICAL_ONLY', NULL, NULL, 'ń«Śµ│ĢõĖÄµĢ░µŹ«ń╗ōµ×äń╗ÅÕģĖµĢÖµØÉŃĆé', 1312, 2022, 'õĖŁµ¢ć', 8, 10, 'ACTIVE');

INSERT INTO book_authors (book_id, author_id, author_order) VALUES
    (9, 8, 1),
    (10, 9, 1),
    (11, 6, 1),
    (12, 10, 1),
    (13, 16, 1),
    (14, 11, 1),
    (15, 13, 1),
    (16, 14, 1),
    (17, 15, 1),
    (18, 12, 1),
    (18, 18, 2);

INSERT INTO book_copies (
    copy_id, book_id, status, acquisition_date, price, notes, location_code, rfid_tag, floor_plan_id
) VALUES
    (16, 9, 'AVAILABLE', DATE_SUB(CURRENT_DATE, INTERVAL 65 DAY), 79.00, NULL, 'E-01-01', 'RFID-CC-0001', 2),
    (17, 9, 'BORROWED', DATE_SUB(CURRENT_DATE, INTERVAL 64 DAY), 79.00, NULL, 'E-01-02', 'RFID-CC-0002', 2),
    (18, 9, 'AVAILABLE', DATE_SUB(CURRENT_DATE, INTERVAL 63 DAY), 79.00, NULL, 'E-01-03', 'RFID-CC-0003', 2),
    (19, 10, 'AVAILABLE', DATE_SUB(CURRENT_DATE, INTERVAL 60 DAY), 108.00, NULL, 'E-02-01', 'RFID-DDIA-0001', 2),
    (20, 10, 'BORROWED', DATE_SUB(CURRENT_DATE, INTERVAL 59 DAY), 108.00, NULL, 'E-02-02', 'RFID-DDIA-0002', 2),
    (21, 10, 'RESERVED', DATE_SUB(CURRENT_DATE, INTERVAL 58 DAY), 108.00, 'ķóäń║”ķöüÕ«ÜõĖŁ', 'E-02-03', 'RFID-DDIA-0003', 2),
    (22, 11, 'AVAILABLE', DATE_SUB(CURRENT_DATE, INTERVAL 56 DAY), 66.00, NULL, 'E-03-01', 'RFID-SLM-0001', 2),
    (23, 11, 'BORROWED', DATE_SUB(CURRENT_DATE, INTERVAL 55 DAY), 66.00, NULL, 'E-03-02', 'RFID-SLM-0002', 2),
    (24, 11, 'AVAILABLE', DATE_SUB(CURRENT_DATE, INTERVAL 54 DAY), 66.00, NULL, 'E-03-03', 'RFID-SLM-0003', 2),
    (25, 12, 'AVAILABLE', DATE_SUB(CURRENT_DATE, INTERVAL 52 DAY), 39.00, NULL, 'F-01-01', 'RFID-TL-0001', 3),
    (26, 12, 'BORROWED', DATE_SUB(CURRENT_DATE, INTERVAL 51 DAY), 39.00, NULL, 'F-01-02', 'RFID-TL-0002', 3),
    (27, 12, 'AVAILABLE', DATE_SUB(CURRENT_DATE, INTERVAL 50 DAY), 39.00, NULL, 'F-01-03', 'RFID-TL-0003', 3),
    (28, 13, 'AVAILABLE', DATE_SUB(CURRENT_DATE, INTERVAL 48 DAY), 72.00, NULL, 'G-01-01', 'RFID-FIN-0001', 3),
    (29, 13, 'AVAILABLE', DATE_SUB(CURRENT_DATE, INTERVAL 47 DAY), 72.00, NULL, 'G-01-02', 'RFID-FIN-0002', 3),
    (30, 13, 'RESERVED', DATE_SUB(CURRENT_DATE, INTERVAL 46 DAY), 72.00, 'ķóäń║”ķöüÕ«ÜõĖŁ', 'G-01-03', 'RFID-FIN-0003', 3),
    (31, 14, 'AVAILABLE', DATE_SUB(CURRENT_DATE, INTERVAL 44 DAY), 95.00, NULL, 'E-04-01', 'RFID-PDA-0001', 2),
    (32, 14, 'BORROWED', DATE_SUB(CURRENT_DATE, INTERVAL 43 DAY), 95.00, NULL, 'E-04-02', 'RFID-PDA-0002', 2),
    (33, 14, 'DAMAGED', DATE_SUB(CURRENT_DATE, INTERVAL 42 DAY), 95.00, 'ķĪĄĶäÜµ£ēĶĮ╗ÕŠ«ńĀ┤µŹ¤', 'E-04-03', 'RFID-PDA-0003', 2),
    (34, 15, 'AVAILABLE', DATE_SUB(CURRENT_DATE, INTERVAL 40 DAY), 118.00, NULL, 'H-01-01', 'RFID-OS-0001', 2),
    (35, 15, 'AVAILABLE', DATE_SUB(CURRENT_DATE, INTERVAL 39 DAY), 118.00, NULL, 'H-01-02', 'RFID-OS-0002', 2),
    (36, 15, 'BORROWED', DATE_SUB(CURRENT_DATE, INTERVAL 38 DAY), 118.00, NULL, 'H-01-03', 'RFID-OS-0003', 2),
    (37, 16, 'AVAILABLE', DATE_SUB(CURRENT_DATE, INTERVAL 36 DAY), 58.00, NULL, 'H-02-01', 'RFID-DB-0001', 2),
    (38, 16, 'BORROWED', DATE_SUB(CURRENT_DATE, INTERVAL 35 DAY), 58.00, NULL, 'H-02-02', 'RFID-DB-0002', 2),
    (39, 16, 'AVAILABLE', DATE_SUB(CURRENT_DATE, INTERVAL 34 DAY), 58.00, NULL, 'H-02-03', 'RFID-DB-0003', 2),
    (40, 17, 'AVAILABLE', DATE_SUB(CURRENT_DATE, INTERVAL 32 DAY), 63.00, NULL, 'S-01-01', 'RFID-SD-0001', 1),
    (41, 17, 'AVAILABLE', DATE_SUB(CURRENT_DATE, INTERVAL 31 DAY), 63.00, NULL, 'S-01-02', 'RFID-SD-0002', 1),
    (42, 18, 'AVAILABLE', DATE_SUB(CURRENT_DATE, INTERVAL 29 DAY), 128.00, NULL, 'H-03-01', 'RFID-ALG-0001', 2),
    (43, 18, 'BORROWED', DATE_SUB(CURRENT_DATE, INTERVAL 28 DAY), 128.00, NULL, 'H-03-02', 'RFID-ALG-0002', 2),
    (44, 18, 'AVAILABLE', DATE_SUB(CURRENT_DATE, INTERVAL 27 DAY), 128.00, NULL, 'H-03-03', 'RFID-ALG-0003', 2);

INSERT INTO loans (
    loan_id, copy_id, user_id, borrow_date, due_date, return_date, status, renewal_count, create_time, update_time
) VALUES
    (6, 17, 9, DATE_SUB(CURRENT_DATE, INTERVAL 6 DAY), DATE_ADD(CURRENT_DATE, INTERVAL 8 DAY), NULL, 'ACTIVE', 0, DATE_SUB(UTC_TIMESTAMP(), INTERVAL 6 DAY), DATE_SUB(UTC_TIMESTAMP(), INTERVAL 6 DAY)),
    (7, 20, 10, DATE_SUB(CURRENT_DATE, INTERVAL 24 DAY), DATE_SUB(CURRENT_DATE, INTERVAL 10 DAY), NULL, 'OVERDUE', 1, DATE_SUB(UTC_TIMESTAMP(), INTERVAL 24 DAY), DATE_SUB(UTC_TIMESTAMP(), INTERVAL 1 DAY)),
    (8, 24, 15, DATE_SUB(CURRENT_DATE, INTERVAL 18 DAY), DATE_SUB(CURRENT_DATE, INTERVAL 4 DAY), DATE_SUB(CURRENT_DATE, INTERVAL 6 DAY), 'RETURNED', 0, DATE_SUB(UTC_TIMESTAMP(), INTERVAL 18 DAY), DATE_SUB(UTC_TIMESTAMP(), INTERVAL 6 DAY)),
    (9, 26, 11, DATE_SUB(CURRENT_DATE, INTERVAL 3 DAY), DATE_ADD(CURRENT_DATE, INTERVAL 11 DAY), NULL, 'ACTIVE', 0, DATE_SUB(UTC_TIMESTAMP(), INTERVAL 3 DAY), DATE_SUB(UTC_TIMESTAMP(), INTERVAL 3 DAY)),
    (10, 32, 12, DATE_SUB(CURRENT_DATE, INTERVAL 8 DAY), DATE_ADD(CURRENT_DATE, INTERVAL 6 DAY), NULL, 'ACTIVE', 0, DATE_SUB(UTC_TIMESTAMP(), INTERVAL 8 DAY), DATE_SUB(UTC_TIMESTAMP(), INTERVAL 8 DAY)),
    (11, 36, 16, DATE_SUB(CURRENT_DATE, INTERVAL 27 DAY), DATE_SUB(CURRENT_DATE, INTERVAL 13 DAY), NULL, 'OVERDUE', 2, DATE_SUB(UTC_TIMESTAMP(), INTERVAL 27 DAY), DATE_SUB(UTC_TIMESTAMP(), INTERVAL 2 DAY)),
    (12, 38, 17, DATE_SUB(CURRENT_DATE, INTERVAL 1 DAY), DATE_ADD(CURRENT_DATE, INTERVAL 13 DAY), NULL, 'ACTIVE', 0, DATE_SUB(UTC_TIMESTAMP(), INTERVAL 1 DAY), DATE_SUB(UTC_TIMESTAMP(), INTERVAL 1 DAY)),
    (13, 43, 18, DATE_SUB(CURRENT_DATE, INTERVAL 9 DAY), DATE_ADD(CURRENT_DATE, INTERVAL 5 DAY), NULL, 'ACTIVE', 0, DATE_SUB(UTC_TIMESTAMP(), INTERVAL 9 DAY), DATE_SUB(UTC_TIMESTAMP(), INTERVAL 9 DAY)),
    (14, 23, 8, DATE_SUB(CURRENT_DATE, INTERVAL 2 DAY), DATE_ADD(CURRENT_DATE, INTERVAL 12 DAY), NULL, 'ACTIVE', 0, DATE_SUB(UTC_TIMESTAMP(), INTERVAL 2 DAY), DATE_SUB(UTC_TIMESTAMP(), INTERVAL 2 DAY));

INSERT INTO reservations (
    reservation_id, book_id, user_id, reservation_date, expiry_date, status,
    allocated_copy_id, pickup_deadline, notification_sent, create_time, update_time
) VALUES
    (5, 10, 9, DATE_SUB(CURRENT_DATE, INTERVAL 1 DAY), DATE_ADD(CURRENT_DATE, INTERVAL 6 DAY), 'AWAITING_PICKUP', 21, DATE_ADD(UTC_TIMESTAMP(), INTERVAL 2 DAY), b'1', DATE_SUB(UTC_TIMESTAMP(), INTERVAL 1 DAY), DATE_SUB(UTC_TIMESTAMP(), INTERVAL 1 DAY)),
    (6, 13, 12, DATE_SUB(CURRENT_DATE, INTERVAL 2 DAY), DATE_ADD(CURRENT_DATE, INTERVAL 5 DAY), 'AWAITING_PICKUP', 30, DATE_ADD(UTC_TIMESTAMP(), INTERVAL 1 DAY), b'1', DATE_SUB(UTC_TIMESTAMP(), INTERVAL 2 DAY), DATE_SUB(UTC_TIMESTAMP(), INTERVAL 2 DAY)),
    (7, 18, 10, DATE_SUB(CURRENT_DATE, INTERVAL 1 DAY), DATE_ADD(CURRENT_DATE, INTERVAL 7 DAY), 'PENDING', NULL, NULL, b'0', DATE_SUB(UTC_TIMESTAMP(), INTERVAL 1 DAY), DATE_SUB(UTC_TIMESTAMP(), INTERVAL 1 DAY)),
    (8, 9, 18, DATE_SUB(CURRENT_DATE, INTERVAL 12 DAY), DATE_SUB(CURRENT_DATE, INTERVAL 5 DAY), 'CANCELLED', NULL, NULL, b'0', DATE_SUB(UTC_TIMESTAMP(), INTERVAL 12 DAY), DATE_SUB(UTC_TIMESTAMP(), INTERVAL 10 DAY)),
    (9, 17, 11, DATE_SUB(CURRENT_DATE, INTERVAL 2 DAY), DATE_ADD(CURRENT_DATE, INTERVAL 8 DAY), 'PENDING', NULL, NULL, b'0', DATE_SUB(UTC_TIMESTAMP(), INTERVAL 2 DAY), DATE_SUB(UTC_TIMESTAMP(), INTERVAL 2 DAY)),
    (10, 11, 16, DATE_SUB(CURRENT_DATE, INTERVAL 18 DAY), DATE_SUB(CURRENT_DATE, INTERVAL 11 DAY), 'EXPIRED', NULL, NULL, b'0', DATE_SUB(UTC_TIMESTAMP(), INTERVAL 18 DAY), DATE_SUB(UTC_TIMESTAMP(), INTERVAL 11 DAY)),
    (11, 16, 17, DATE_SUB(CURRENT_DATE, INTERVAL 1 DAY), DATE_ADD(CURRENT_DATE, INTERVAL 6 DAY), 'PENDING', NULL, NULL, b'0', DATE_SUB(UTC_TIMESTAMP(), INTERVAL 1 DAY), DATE_SUB(UTC_TIMESTAMP(), INTERVAL 1 DAY));

INSERT INTO fines (
    fine_id, loan_id, user_id, amount, reason, date_issued, date_paid, status, create_time, update_time
) VALUES
    (4, 7, 10, 6.80, 'ķĆŠµ£¤ÕĮÆĶ┐ś 10 Õż®', DATE_SUB(CURRENT_DATE, INTERVAL 9 DAY), NULL, 'PENDING', DATE_SUB(UTC_TIMESTAMP(), INTERVAL 9 DAY), DATE_SUB(UTC_TIMESTAMP(), INTERVAL 1 DAY)),
    (5, 11, 16, 8.40, 'ķĆŠµ£¤ÕĮÆĶ┐ś 13 Õż®', DATE_SUB(CURRENT_DATE, INTERVAL 12 DAY), DATE_SUB(CURRENT_DATE, INTERVAL 2 DAY), 'PAID', DATE_SUB(UTC_TIMESTAMP(), INTERVAL 12 DAY), DATE_SUB(UTC_TIMESTAMP(), INTERVAL 2 DAY));

INSERT INTO notifications (
    notification_id, user_id, type, title, content, is_read,
    target_type, target_id, route_hint, business_key, send_time
) VALUES
    (6, 9, 'ARRIVAL_NOTICE', 'ķóäń║”ÕøŠõ╣”ÕĘ▓Õł░ķ”å', 'õĮĀķóäń║”ńÜäŃĆŖDesigning Data-Intensive ApplicationsŃĆŗÕĘ▓Õł░ķ”å’╝īĶ»ĘÕ░ĮÕ┐½ÕÅ¢õ╣”ŃĆé', b'0', 'RESERVATION', '5', '/my/reservations', 'RES_PICKUP_5', DATE_SUB(UTC_TIMESTAMP(), INTERVAL 90 MINUTE)),
    (7, 12, 'ARRIVAL_NOTICE', 'ķóäń║”ÕøŠõ╣”ÕĘ▓Õł░ķ”å', 'õĮĀķóäń║”ńÜäŃĆŖķćæĶ×ŹÕŁ”ŃĆŗÕĘ▓Õł░ķ”å’╝īĶ»ĘÕ£© 24 Õ░ÅµŚČÕåģÕŖ×ńÉåÕÅ¢õ╣”ŃĆé', b'0', 'RESERVATION', '6', '/my/reservations', 'RES_PICKUP_6', DATE_SUB(UTC_TIMESTAMP(), INTERVAL 80 MINUTE)),
    (8, 10, 'DUE_REMINDER', 'ÕĆ¤ķśģÕĘ▓ķĆŠµ£¤', 'õĮĀÕĆ¤ķśģńÜäŃĆŖDesigning Data-Intensive ApplicationsŃĆŗÕĘ▓ķĆŠµ£¤’╝īĶ»ĘÕ░ĮÕ┐½ÕĮÆĶ┐śŃĆé', b'0', 'LOAN', '7', '/my/loans', 'LOAN_OVERDUE_7', DATE_SUB(UTC_TIMESTAMP(), INTERVAL 6 HOUR)),
    (9, 16, 'DUE_REMINDER', 'ÕĆ¤ķśģÕĘ▓ķĆŠµ£¤', 'õĮĀÕĆ¤ķśģńÜäŃĆŖOperating System ConceptsŃĆŗÕĘ▓ķĆŠµ£¤’╝īĶ»ĘÕ░ĮÕ┐½ÕĮÆĶ┐śŃĆé', b'0', 'LOAN', '11', '/my/loans', 'LOAN_OVERDUE_11', DATE_SUB(UTC_TIMESTAMP(), INTERVAL 4 HOUR)),
    (10, 17, 'SYSTEM', 'µ£ŹÕŖĪµŚČķŚ┤Ķ░āµĢ┤µÅÉķåÆ', 'µ£¼Õæ©µ£½µĆ╗µ£ŹÕŖĪÕÅ░ķŚŁķ”åµŚČķŚ┤Ķ░āµĢ┤õĖ║ 20:00’╝īĶ»ĘÕÉłńÉåÕ«ēµÄÆÕł░ķ”åĶ«ĪÕłÆŃĆé', b'1', 'SYSTEM', 'SERVICE-HOUR-1', '/notifications', 'SERVICE_HOUR_ADJUST', DATE_SUB(UTC_TIMESTAMP(), INTERVAL 1 DAY)),
    (11, 18, 'SYSTEM', 'µ¢░õ╣”õĖōÕī║õĖŖµ¢░', 'ń«Śµ│ĢõĖÄĶĮ»õ╗ČÕĘźń©ŗµ¢░õ╣”ÕĘ▓Õł░ķ”å’╝īÕÅ»ÕēŹÕŠĆõ║īÕ▒é E Õī║µ¤źń£ŗŃĆé', b'0', 'BOOK_SHELF', 'E-NEW', '/books', 'NEW_BOOK_ZONE_E', DATE_SUB(UTC_TIMESTAMP(), INTERVAL 5 HOUR)),
    (12, 8, 'SYSTEM', 'µĢÖÕĖłĶŹÉõ╣”ÕŖ¤ĶāĮÕ╝ĆµöŠ', 'õĮĀńÄ░Õ£©ÕÅ»õ╗źÕ£©µÄ©ĶŹÉõĖōÕī║ÕÅæÕĖāĶ»Šń©ŗĶŹÉõ╣”ÕåģÕ«╣ŃĆé', b'1', 'RECOMMENDATION', 'OPEN-1', '/my/recommendations', 'TEACHER_RECOMMEND_OPEN', DATE_SUB(UTC_TIMESTAMP(), INTERVAL 2 DAY)),
    (13, 14, 'SYSTEM', 'µĢÖÕĖłĶŹÉõ╣”ÕŖ¤ĶāĮÕ╝ĆµöŠ', 'õĮĀńÄ░Õ£©ÕÅ»õ╗źÕ£©µÄ©ĶŹÉõĖōÕī║ÕÅæÕĖāķćæĶ×Źµ¢╣ÕÉæĶŹÉõ╣”ÕåģÕ«╣ŃĆé', b'1', 'RECOMMENDATION', 'OPEN-2', '/my/recommendations', 'TEACHER_RECOMMEND_OPEN_2', DATE_SUB(UTC_TIMESTAMP(), INTERVAL 2 DAY)),
    (14, 13, 'SYSTEM', 'ÕĆ╝ńÅŁµÄÆńÅŁÕÉīµŁź', 'Ķ»╗ĶĆģµ£ŹÕŖĪõĖŁÕ┐āµ£¼Õæ©µÄÆńÅŁÕĘ▓ÕÉīµŁźÕł░ń│╗ń╗¤ŃĆé', b'0', 'SYSTEM', 'SCHED-1', '/notifications', 'SERVICE_SCHEDULE_SYNC', DATE_SUB(UTC_TIMESTAMP(), INTERVAL 3 HOUR)),
    (15, 11, 'SYSTEM', 'µ¢ćÕŁ”õ╣”ÕŹĢµø┤µ¢░', 'ķ”åÕåģµ¢ćÕŁ”ń╗ÅÕģĖõĖōķóśõ╣”ÕŹĢÕĘ▓µø┤µ¢░’╝īÕÅ»Õ£©ķ”¢ķĪĄµ¤źń£ŗŃĆé', b'0', 'BOOKLIST', 'LIST-1', '/books', 'BOOKLIST_REFRESH', DATE_SUB(UTC_TIMESTAMP(), INTERVAL 7 HOUR));

INSERT INTO search_history (search_id, user_id, keyword, result_count, search_time) VALUES
    (9, 9, 'Clean Code', 3, DATE_SUB(UTC_TIMESTAMP(), INTERVAL 2 DAY)),
    (10, 10, 'µĢ░µŹ«Õ»åķøåÕ×ŗÕ║öńö©', 2, DATE_SUB(UTC_TIMESTAMP(), INTERVAL 1 DAY)),
    (11, 11, 'µ┤╗ńØĆ', 1, DATE_SUB(UTC_TIMESTAMP(), INTERVAL 20 HOUR)),
    (12, 12, 'ķćæĶ×ŹÕŁ”', 4, DATE_SUB(UTC_TIMESTAMP(), INTERVAL 18 HOUR)),
    (13, 15, 'ń╗¤Ķ«ĪÕŁ”õ╣Āµ¢╣µ│Ģ', 3, DATE_SUB(UTC_TIMESTAMP(), INTERVAL 16 HOUR)),
    (14, 16, 'µōŹõĮ£ń│╗ń╗¤', 5, DATE_SUB(UTC_TIMESTAMP(), INTERVAL 14 HOUR)),
    (15, 17, 'µĢ░µŹ«Õ║ōń│╗ń╗¤µ”éĶ«║', 2, DATE_SUB(UTC_TIMESTAMP(), INTERVAL 12 HOUR)),
    (16, 18, 'ń«Śµ│ĢÕ»╝Ķ«║', 4, DATE_SUB(UTC_TIMESTAMP(), INTERVAL 10 HOUR)),
    (17, 8, 'µĢ░µŹ«ń¦æÕŁ”', 6, DATE_SUB(UTC_TIMESTAMP(), INTERVAL 8 HOUR)),
    (18, 14, 'ķćæĶ×ŹµŖĢĶĄä', 4, DATE_SUB(UTC_TIMESTAMP(), INTERVAL 6 HOUR)),
    (19, 13, 'µ£ŹÕŖĪĶ«ŠĶ«Ī', 2, DATE_SUB(UTC_TIMESTAMP(), INTERVAL 4 HOUR)),
    (20, 9, 'Python µĢ░µŹ«Õłåµ×É', 3, DATE_SUB(UTC_TIMESTAMP(), INTERVAL 2 HOUR));

INSERT INTO user_behavior_logs (log_id, user_id, book_id, action_type, duration_seconds, device_type, create_time) VALUES
    (11, 9, 9, 'VIEW_DETAIL', 86, 'web', DATE_SUB(UTC_TIMESTAMP(), INTERVAL 2 DAY)),
    (12, 9, 10, 'CLICK_PREVIEW', 45, 'web', DATE_SUB(UTC_TIMESTAMP(), INTERVAL 1 DAY)),
    (13, 10, 10, 'BORROW_BOOK', 33, 'mobile', DATE_SUB(UTC_TIMESTAMP(), INTERVAL 24 DAY)),
    (14, 10, 18, 'RESERVE_BOOK', 27, 'mobile', DATE_SUB(UTC_TIMESTAMP(), INTERVAL 1 DAY)),
    (15, 11, 12, 'BORROW_BOOK', 40, 'web', DATE_SUB(UTC_TIMESTAMP(), INTERVAL 3 DAY)),
    (16, 11, 17, 'VIEW_DETAIL', 61, 'web', DATE_SUB(UTC_TIMESTAMP(), INTERVAL 2 DAY)),
    (17, 12, 13, 'VIEW_DETAIL', 72, 'mobile', DATE_SUB(UTC_TIMESTAMP(), INTERVAL 8 HOUR)),
    (18, 12, 13, 'RESERVE_BOOK', 18, 'mobile', DATE_SUB(UTC_TIMESTAMP(), INTERVAL 2 DAY)),
    (19, 13, 17, 'SHARE', 20, 'web', DATE_SUB(UTC_TIMESTAMP(), INTERVAL 3 HOUR)),
    (20, 14, 13, 'VIEW_DETAIL', 95, 'web', DATE_SUB(UTC_TIMESTAMP(), INTERVAL 5 HOUR)),
    (21, 15, 11, 'CLICK_PREVIEW', 80, 'web', DATE_SUB(UTC_TIMESTAMP(), INTERVAL 18 HOUR)),
    (22, 16, 15, 'VIEW_DETAIL', 66, 'web', DATE_SUB(UTC_TIMESTAMP(), INTERVAL 14 HOUR)),
    (23, 16, 15, 'BORROW_BOOK', 39, 'web', DATE_SUB(UTC_TIMESTAMP(), INTERVAL 27 DAY)),
    (24, 17, 16, 'BORROW_BOOK', 28, 'mobile', DATE_SUB(UTC_TIMESTAMP(), INTERVAL 1 DAY)),
    (25, 18, 18, 'BORROW_BOOK', 42, 'web', DATE_SUB(UTC_TIMESTAMP(), INTERVAL 9 DAY));

INSERT INTO book_reviews (
    review_id, book_id, user_id, loan_id, rating, comment_text, status, create_time, update_time
) VALUES
    (4, 11, 15, 8, 5, 'õĮ£õĖ║ń╗¤Ķ«ĪÕŁ”õ╣ĀµĢÖµØÉķØ×ÕĖĖµēÄÕ«×’╝īÕģ¼Õ╝ÅõĖÄµÄ©Õ»╝ķāĮÕŠłµĖģµÖ░ŃĆé', 'APPROVED', DATE_SUB(UTC_TIMESTAMP(), INTERVAL 5 DAY), DATE_SUB(UTC_TIMESTAMP(), INTERVAL 4 DAY)),
    (5, 9, 9, 6, 4, 'ķĆéÕÉłõ╗ŻńĀüĶ¦äĶīāÕģźķŚ©’╝īńż║õŠŗµśōĶ»╗ŃĆé', 'PENDING', DATE_SUB(UTC_TIMESTAMP(), INTERVAL 8 HOUR), DATE_SUB(UTC_TIMESTAMP(), INTERVAL 8 HOUR)),
    (6, 12, 11, 9, 5, 'µ¢ćÕŁ”õĮ£ÕōüÕĆ¤ķśģõĮōķ¬īÕŠłÕźĮ’╝īķ”åĶŚÅÕē»µ£¼ńŖČµĆüõ╣¤µĖģµÖ░ŃĆé', 'APPROVED', DATE_SUB(UTC_TIMESTAMP(), INTERVAL 2 DAY), DATE_SUB(UTC_TIMESTAMP(), INTERVAL 1 DAY)),
    (7, 18, 18, 13, 4, 'ķĆéÕÉłÕłĘń«Śµ│ĢÕ¤║ńĪĆ’╝īõĖŹĶ┐ćķśģĶ»╗ķćÅĶŠāÕż¦ŃĆé', 'APPROVED', DATE_SUB(UTC_TIMESTAMP(), INTERVAL 6 HOUR), DATE_SUB(UTC_TIMESTAMP(), INTERVAL 5 HOUR)),
    (8, 16, 17, 12, 4, 'µĢ░µŹ«Õ║ōĶ»Šń©ŗķģŹÕźŚķśģĶ»╗ĶČ│Õż¤ńö©õ║å’╝īÕĖīµ£øÕåŹĶĪźõĖĆõ║øµĪłõŠŗõ╣”ŃĆé', 'PENDING', DATE_SUB(UTC_TIMESTAMP(), INTERVAL 3 HOUR), DATE_SUB(UTC_TIMESTAMP(), INTERVAL 3 HOUR)),
    (9, 11, 8, 14, 5, 'ķĆéÕÉłõĮ£õĖ║µĢÖÕĖłÕżćĶ»ŠÕÅéĶĆā’╝īń╗ōµ×äÕ«īµĢ┤ŃĆé', 'APPROVED', DATE_SUB(UTC_TIMESTAMP(), INTERVAL 1 DAY), DATE_SUB(UTC_TIMESTAMP(), INTERVAL 22 HOUR));

INSERT INTO user_feedbacks (
    feedback_id, user_id, category, subject, content, contact_email,
    status, admin_reply, handled_by, reply_time, create_time, update_time
) VALUES
    (3, 10, 'BOOK_INFO', 'ÕĖīµ£øĶĪźÕģģµø┤ÕżÜÕłåÕĖāÕ╝Åń│╗ń╗¤ķ”åĶŚÅ', 'DDIA ń▒╗ÕøŠõ╣”ÕĮōÕēŹÕē»µ£¼ĶŠāÕ░æ’╝īÕ╗║Ķ««Õó×ÕŖĀÕē»µ£¼ķćÅŃĆé', 'reader04@example.com', 'IN_PROGRESS', 'ÕĘ▓ķĆÜń¤źķććń╝¢ķā©Ķ»äõ╝░ĶĪźķććŃĆé', 'admin', DATE_SUB(UTC_TIMESTAMP(), INTERVAL 6 HOUR), DATE_SUB(UTC_TIMESTAMP(), INTERVAL 18 HOUR), DATE_SUB(UTC_TIMESTAMP(), INTERVAL 6 HOUR)),
    (4, 12, 'SERVICE_EXPERIENCE', 'ķóäń║”ÕÅ¢õ╣”µĄüń©ŗķĪ║ńĢģ', 'ķóäń║”ķĆÜń¤źÕÆīÕł░ķ”åÕÅ¢õ╣”µĄüń©ŗķāĮµ»öĶŠāµĖģµÖ░’╝īõĮōķ¬īõĖŹķöÖŃĆé', 'reader06@example.com', 'RESOLVED', 'µä¤Ķ░óÕÅŹķ”ł’╝īµ¼óĶ┐Äń╗¦ń╗ŁµÅÉÕć║Õ╗║Ķ««ŃĆé', 'service01', DATE_SUB(UTC_TIMESTAMP(), INTERVAL 1 DAY), DATE_SUB(UTC_TIMESTAMP(), INTERVAL 2 DAY), DATE_SUB(UTC_TIMESTAMP(), INTERVAL 1 DAY)),
    (5, 17, 'SUGGESTION', 'ÕĖīµ£øÕó×ÕŖĀµ£ŹÕŖĪĶ«ŠĶ«ĪõĖōķóśõĮŹ', 'µ£ŹÕŖĪĶ«ŠĶ«ĪõĖÄńö©µłĘõĮōķ¬īńøĖÕģ│ÕøŠõ╣”ÕÅ»õ╗źķøåõĖŁķÖłÕłŚ’╝īµ¢╣õŠ┐µ¤źµēŠŃĆé', 'reader07@example.com', 'SUBMITTED', NULL, NULL, NULL, DATE_SUB(UTC_TIMESTAMP(), INTERVAL 5 HOUR), DATE_SUB(UTC_TIMESTAMP(), INTERVAL 5 HOUR));

INSERT INTO user_favorites (favorite_id, user_id, book_id, create_time) VALUES
    (5, 9, 10, DATE_SUB(UTC_TIMESTAMP(), INTERVAL 3 DAY)),
    (6, 9, 14, DATE_SUB(UTC_TIMESTAMP(), INTERVAL 1 DAY)),
    (7, 10, 18, DATE_SUB(UTC_TIMESTAMP(), INTERVAL 12 HOUR)),
    (8, 11, 12, DATE_SUB(UTC_TIMESTAMP(), INTERVAL 2 DAY)),
    (9, 12, 13, DATE_SUB(UTC_TIMESTAMP(), INTERVAL 2 DAY)),
    (10, 15, 11, DATE_SUB(UTC_TIMESTAMP(), INTERVAL 5 DAY)),
    (11, 16, 15, DATE_SUB(UTC_TIMESTAMP(), INTERVAL 10 DAY)),
    (12, 17, 16, DATE_SUB(UTC_TIMESTAMP(), INTERVAL 4 HOUR)),
    (13, 18, 18, DATE_SUB(UTC_TIMESTAMP(), INTERVAL 8 HOUR)),
    (14, 14, 13, DATE_SUB(UTC_TIMESTAMP(), INTERVAL 1 DAY));

INSERT INTO service_appointments (
    appointment_id, user_id, loan_id, service_type, scheduled_time, method, status, notes, create_time, update_time
) VALUES
    (4, 9, 6, 'RETURN_BOOK', DATE_ADD(UTC_TIMESTAMP(), INTERVAL 1 DAY), 'COUNTER', 'PENDING', 'Ķ«ĪÕłÆÕł░ķ”åÕĮÆĶ┐śŃĆŖClean CodeŃĆŗŃĆé', DATE_SUB(UTC_TIMESTAMP(), INTERVAL 3 HOUR), DATE_SUB(UTC_TIMESTAMP(), INTERVAL 3 HOUR)),
    (5, 10, 7, 'CONSULTATION', DATE_ADD(UTC_TIMESTAMP(), INTERVAL 1 DAY), 'COUNTER', 'PENDING', 'ÕÆ©Ķ»óķĆŠµ£¤ÕżäńÉåõĖÄń╗ŁÕĆ¤ķÖÉÕłČŃĆé', DATE_SUB(UTC_TIMESTAMP(), INTERVAL 2 HOUR), DATE_SUB(UTC_TIMESTAMP(), INTERVAL 2 HOUR)),
    (6, 12, NULL, 'CONSULTATION', DATE_SUB(UTC_TIMESTAMP(), INTERVAL 2 DAY), 'COUNTER', 'COMPLETED', 'ÕĘ▓Õ«īµłÉķćæĶ×Źõ╣”ÕŹĢÕÆ©Ķ»óŃĆé', DATE_SUB(UTC_TIMESTAMP(), INTERVAL 3 DAY), DATE_SUB(UTC_TIMESTAMP(), INTERVAL 2 DAY)),
    (7, 17, 12, 'RETURN_BOOK', DATE_ADD(UTC_TIMESTAMP(), INTERVAL 2 DAY), 'SMART_LOCKER', 'PENDING', 'ÕćåÕżćķĆÜĶ┐ćĶć¬ÕŖ®Ķ┐śõ╣”µ¤£ÕŖ×ńÉåŃĆé', DATE_SUB(UTC_TIMESTAMP(), INTERVAL 1 HOUR), DATE_SUB(UTC_TIMESTAMP(), INTERVAL 1 HOUR));

INSERT INTO seats (
    seat_id, seat_code, floor_name, floor_order, zone_name, area_name, seat_type,
    status, has_power, near_window, description
) VALUES
    (7, 'C101', 'ÕøøÕ▒é', 4, 'µĢ░µŹ«ÕŁ”õ╣ĀÕī║', 'õĖ£Õī║', 'STANDARD', 'AVAILABLE', b'1', b'1', 'ķĆéÕÉłķĢ┐µŚČķŚ┤ÕŁ”õ╣Ā'),
    (8, 'C102', 'ÕøøÕ▒é', 4, 'µĢ░µŹ«ÕŁ”õ╣ĀÕī║', 'õĖ£Õī║', 'STANDARD', 'AVAILABLE', b'1', b'0', 'ķØĀĶ┐æõ╣”µ×Č'),
    (9, 'C201', 'ÕøøÕ▒é', 4, 'ńĀöõ┐«Õī║', 'Ķź┐Õī║', 'COMPUTER', 'AVAILABLE', b'1', b'0', 'ķģŹÕżćµĢ░µŹ«Õłåµ×ÉĶĮ»õ╗Č'),
    (10, 'C202', 'ÕøøÕ▒é', 4, 'ńĀöõ┐«Õī║', 'Ķź┐Õī║', 'COMPUTER', 'AVAILABLE', b'1', b'1', 'ÕÅīÕ▒ÅÕĘźõĮŹ'),
    (11, 'D301', 'õ║öÕ▒é', 5, 'Õ«ēķØÖķśģĶ¦łÕī║', 'ÕŹŚÕī║', 'STANDARD', 'AVAILABLE', b'0', b'1', 'Õ«ēķØÖÕī║ķØĀń¬Ś'),
    (12, 'D302', 'õ║öÕ▒é', 5, 'Õ«ēķØÖķśģĶ¦łÕī║', 'ÕŹŚÕī║', 'STANDARD', 'AVAILABLE', b'0', b'0', 'Õ«ēķØÖÕī║õĖŁķā©');

INSERT INTO seat_reservations (
    reservation_id, seat_id, user_id, start_time, end_time, status, notes, create_time, update_time
) VALUES
    (4, 7, 9, TIMESTAMP(DATE_ADD(CURRENT_DATE, INTERVAL 1 DAY), '13:00:00'), TIMESTAMP(DATE_ADD(CURRENT_DATE, INTERVAL 1 DAY), '17:00:00'), 'ACTIVE', 'ÕćåÕżćµĢ░µŹ«Õłåµ×ÉĶ»Šń©ŗõĮ£õĖÜŃĆé', DATE_SUB(UTC_TIMESTAMP(), INTERVAL 4 HOUR), DATE_SUB(UTC_TIMESTAMP(), INTERVAL 4 HOUR)),
    (5, 8, 10, TIMESTAMP(DATE_ADD(CURRENT_DATE, INTERVAL 2 DAY), '09:30:00'), TIMESTAMP(DATE_ADD(CURRENT_DATE, INTERVAL 2 DAY), '12:30:00'), 'ACTIVE', 'ÕćåÕżćń«Śµ│ĢõĖōķóśÕżŹõ╣ĀŃĆé', DATE_SUB(UTC_TIMESTAMP(), INTERVAL 2 HOUR), DATE_SUB(UTC_TIMESTAMP(), INTERVAL 2 HOUR)),
    (6, 9, 15, TIMESTAMP(DATE_SUB(CURRENT_DATE, INTERVAL 2 DAY), '14:00:00'), TIMESTAMP(DATE_SUB(CURRENT_DATE, INTERVAL 2 DAY), '18:00:00'), 'COMPLETED', 'ÕĘ▓Õ«īµłÉĶ«║µ¢ćĶĄäµ¢ÖµĢ┤ńÉåŃĆé', DATE_SUB(UTC_TIMESTAMP(), INTERVAL 3 DAY), DATE_SUB(UTC_TIMESTAMP(), INTERVAL 2 DAY)),
    (7, 11, 17, TIMESTAMP(DATE_ADD(CURRENT_DATE, INTERVAL 1 DAY), '10:00:00'), TIMESTAMP(DATE_ADD(CURRENT_DATE, INTERVAL 1 DAY), '15:00:00'), 'ACTIVE', 'ÕćåÕżćµĢ░µŹ«Õ║ōĶ»Šń©ŗµŖźÕæŖŃĆé', DATE_SUB(UTC_TIMESTAMP(), INTERVAL 90 MINUTE), DATE_SUB(UTC_TIMESTAMP(), INTERVAL 90 MINUTE)),
    (8, 12, 18, TIMESTAMP(DATE_ADD(CURRENT_DATE, INTERVAL 3 DAY), '08:30:00'), TIMESTAMP(DATE_ADD(CURRENT_DATE, INTERVAL 3 DAY), '11:30:00'), 'ACTIVE', 'ń║┐µĆ¦õ╗ŻµĢ░õĖÄń«Śµ│ĢĶüöÕÉłÕżŹõ╣ĀŃĆé', DATE_SUB(UTC_TIMESTAMP(), INTERVAL 30 MINUTE), DATE_SUB(UTC_TIMESTAMP(), INTERVAL 30 MINUTE));

INSERT INTO rbac_audit_logs (log_id, actor_user_id, actor_username, action_type, target_type, target_id, detail, create_time) VALUES
    (4, 1, 'admin', 'USER_ROLE_ASSIGN', 'USER', '13', 'õĖ║ service01 ÕłåķģŹ LIBRARIAN ÕŖ©µĆüĶ¦ÆĶē▓ŃĆé', DATE_SUB(UTC_TIMESTAMP(), INTERVAL 1 DAY)),
    (5, 1, 'admin', 'CATALOG_SYNC', 'BOOK', '9-18', 'Õ«īµłÉń¼¼õ║īµē╣Ķ┐ÉĶÉźķ”åĶŚÅµĢ░µŹ«Õ»╝ÕģźŃĆé', DATE_SUB(UTC_TIMESTAMP(), INTERVAL 2 HOUR)),
    (6, 1, 'admin', 'SEAT_LAYOUT_SYNC', 'SEAT', '7-12', 'ĶĪźÕģģÕøøÕ▒éõĖÄõ║öÕ▒éÕ║¦õĮŹĶĄäµ║ÉŃĆé', DATE_SUB(UTC_TIMESTAMP(), INTERVAL 1 HOUR));

INSERT INTO recommendation_posts (
    post_id, author_user_id, book_id, content, create_time, update_time
) VALUES
    (3, 8, 10, 'Õ”éµ×£õĮĀÕ»╣µĢ░µŹ«Õ╣│ÕÅ░ŃĆüµČłµü»ķś¤ÕłŚÕÆīõĖĆĶć┤µĆ¦Ķ«ŠĶ«Īµä¤Õģ┤ĶČŻ’╝īĶ┐Öµ£¼õ╣”ÕĆ╝ÕŠŚÕÅŹÕżŹĶ»╗ŃĆéķĆéÕÉłõĮ£õĖ║ńĀöń®Čńö¤Ķ»Šń©ŗÕ╗Čõ╝ĖķśģĶ»╗ŃĆé', DATE_SUB(UTC_TIMESTAMP(), INTERVAL 100 MINUTE), DATE_SUB(UTC_TIMESTAMP(), INTERVAL 100 MINUTE)),
    (4, 8, 14, 'ÕüÜµĢ░µŹ«Õłåµ×ÉĶ»Šń©ŗķĪ╣ńø«ńÜäÕÉīÕŁ”ÕÅ»õ╗źõ╝śÕģłń£ŗĶ┐Öµ£¼’╝īµĪłõŠŗĶČ│Õż¤ĶÉĮÕ£░ŃĆé', DATE_SUB(UTC_TIMESTAMP(), INTERVAL 70 MINUTE), DATE_SUB(UTC_TIMESTAMP(), INTERVAL 70 MINUTE)),
    (5, 14, 13, 'ķćæĶ×ŹÕŁ”ÕģźķŚ©Õ╗║Ķ««ÕģłµēōÕ¤║ńĪĆµ”éÕ┐Ą’╝īÕåŹķģŹÕÉłńÄ░Õ«×µĪłõŠŗńÉåĶ¦ŻķćæĶ×ŹÕĖéÕ£║Ķ┐ÉĶĪīŃĆé', DATE_SUB(UTC_TIMESTAMP(), INTERVAL 55 MINUTE), DATE_SUB(UTC_TIMESTAMP(), INTERVAL 55 MINUTE)),
    (6, 14, 17, 'µ£ŹÕŖĪĶ«ŠĶ«ĪĶ┐Öµ£¼õ╣”ķĆéÕÉłÕüÜÕŁ”ńö¤µ£ŹÕŖĪŃĆüµö┐ÕŖĪµ£ŹÕŖĪÕÆīÕøŠõ╣”ķ”åµ£ŹÕŖĪõ╝śÕī¢ńÜäÕÉīÕŁ”ķśģĶ»╗ŃĆé', DATE_SUB(UTC_TIMESTAMP(), INTERVAL 40 MINUTE), DATE_SUB(UTC_TIMESTAMP(), INTERVAL 40 MINUTE));

INSERT INTO recommendation_likes (like_id, post_id, user_id, create_time) VALUES
    (4, 3, 9, DATE_SUB(UTC_TIMESTAMP(), INTERVAL 95 MINUTE)),
    (5, 3, 10, DATE_SUB(UTC_TIMESTAMP(), INTERVAL 90 MINUTE)),
    (6, 4, 15, DATE_SUB(UTC_TIMESTAMP(), INTERVAL 60 MINUTE)),
    (7, 5, 12, DATE_SUB(UTC_TIMESTAMP(), INTERVAL 45 MINUTE)),
    (8, 5, 18, DATE_SUB(UTC_TIMESTAMP(), INTERVAL 35 MINUTE)),
    (9, 6, 13, DATE_SUB(UTC_TIMESTAMP(), INTERVAL 25 MINUTE)),
    (10, 6, 17, DATE_SUB(UTC_TIMESTAMP(), INTERVAL 20 MINUTE));

INSERT INTO recommendation_follows (follow_id, follower_user_id, teacher_user_id, create_time) VALUES
    (4, 9, 8, DATE_SUB(UTC_TIMESTAMP(), INTERVAL 12 DAY)),
    (5, 10, 8, DATE_SUB(UTC_TIMESTAMP(), INTERVAL 10 DAY)),
    (6, 12, 14, DATE_SUB(UTC_TIMESTAMP(), INTERVAL 9 DAY)),
    (7, 17, 14, DATE_SUB(UTC_TIMESTAMP(), INTERVAL 7 DAY)),
    (8, 18, 8, DATE_SUB(UTC_TIMESTAMP(), INTERVAL 6 DAY));

INSERT INTO users (
    user_id, username, password_hash, email, full_name, role, status,
    department, major, identity_type, enrollment_year, interest_tags, token_valid_after
) VALUES
    (19, 'teacher04', '$2a$10$SePxsIBnNxSUtKGRqLcktelUh3En5ALZ/wFeJ/.mHKvOoNewArARG', 'teacher04@library.com', 'Zhou Teacher', 'USER', 'ACTIVE', 'School of Cyber Security', 'Network Security Teaching', 'TEACHER', 2010, '["Security","Networks","Operating Systems"]', DATE_SUB(UTC_TIMESTAMP(), INTERVAL 1 DAY)),
    (20, 'teacher05', '$2a$10$SePxsIBnNxSUtKGRqLcktelUh3En5ALZ/wFeJ/.mHKvOoNewArARG', 'teacher05@library.com', 'Qian Teacher', 'USER', 'ACTIVE', 'School of Management', 'Product and Service Teaching', 'TEACHER', 2013, '["Management","Product","Service Design"]', DATE_SUB(UTC_TIMESTAMP(), INTERVAL 1 DAY)),
    (21, 'reader09', '$2a$10$DxDRdhqESD4iRRcLwSc/.OP6xbIaNZRx3dc5sr8AbbryhLRnA0ULq', 'reader09@example.com', 'Peng Rui', 'USER', 'ACTIVE', 'School of Cyber Security', 'Information Security', 'STUDENT', 2022, '["Security","Linux","Networks"]', DATE_SUB(UTC_TIMESTAMP(), INTERVAL 1 DAY)),
    (22, 'reader10', '$2a$10$DxDRdhqESD4iRRcLwSc/.OP6xbIaNZRx3dc5sr8AbbryhLRnA0ULq', 'reader10@example.com', 'Yuan Xin', 'USER', 'ACTIVE', 'School of Computer Science', 'Computer Science', 'STUDENT', 2024, '["Algorithms","Java","Databases"]', DATE_SUB(UTC_TIMESTAMP(), INTERVAL 1 DAY)),
    (23, 'reader11', '$2a$10$DxDRdhqESD4iRRcLwSc/.OP6xbIaNZRx3dc5sr8AbbryhLRnA0ULq', 'reader11@example.com', 'Ma Jing', 'USER', 'ACTIVE', 'School of Management', 'Information Management', 'STUDENT', 2023, '["Product","Management","Operations"]', DATE_SUB(UTC_TIMESTAMP(), INTERVAL 1 DAY)),
    (24, 'reader12', '$2a$10$DxDRdhqESD4iRRcLwSc/.OP6xbIaNZRx3dc5sr8AbbryhLRnA0ULq', 'reader12@example.com', 'Cao Lin', 'USER', 'ACTIVE', 'School of Literature', 'Journalism', 'STUDENT', 2022, '["Writing","Media","Literature"]', DATE_SUB(UTC_TIMESTAMP(), INTERVAL 1 DAY)),
    (25, 'reader13', '$2a$10$DxDRdhqESD4iRRcLwSc/.OP6xbIaNZRx3dc5sr8AbbryhLRnA0ULq', 'reader13@example.com', 'Deng Ke', 'USER', 'ACTIVE', 'School of Economics', 'Economics', 'STUDENT', 2021, '["Macro","Finance","Policy"]', DATE_SUB(UTC_TIMESTAMP(), INTERVAL 1 DAY)),
    (26, 'reader14', '$2a$10$DxDRdhqESD4iRRcLwSc/.OP6xbIaNZRx3dc5sr8AbbryhLRnA0ULq', 'reader14@example.com', 'Feng Jia', 'USER', 'ACTIVE', 'School of Statistics', 'Applied Statistics', 'STUDENT', 2021, '["Statistics","R","Data"]', DATE_SUB(UTC_TIMESTAMP(), INTERVAL 1 DAY)),
    (27, 'reader15', '$2a$10$DxDRdhqESD4iRRcLwSc/.OP6xbIaNZRx3dc5sr8AbbryhLRnA0ULq', 'reader15@example.com', 'Hu Yue', 'USER', 'ACTIVE', 'School of Computer Science', 'Software Engineering', 'STUDENT', 2024, '["Software","Testing","Architecture"]', DATE_SUB(UTC_TIMESTAMP(), INTERVAL 1 DAY)),
    (28, 'reader16', '$2a$10$DxDRdhqESD4iRRcLwSc/.OP6xbIaNZRx3dc5sr8AbbryhLRnA0ULq', 'reader16@example.com', 'Jiang Nan', 'USER', 'ACTIVE', 'School of Public Administration', 'Public Service', 'STUDENT', 2023, '["Service","Governance","Public Policy"]', DATE_SUB(UTC_TIMESTAMP(), INTERVAL 1 DAY)),
    (29, 'reader17', '$2a$10$DxDRdhqESD4iRRcLwSc/.OP6xbIaNZRx3dc5sr8AbbryhLRnA0ULq', 'reader17@example.com', 'Kuang Yi', 'USER', 'ACTIVE', 'School of Mathematics', 'Applied Mathematics', 'STUDENT', 2022, '["Optimization","Probability","Math"]', DATE_SUB(UTC_TIMESTAMP(), INTERVAL 1 DAY)),
    (30, 'reader18', '$2a$10$DxDRdhqESD4iRRcLwSc/.OP6xbIaNZRx3dc5sr8AbbryhLRnA0ULq', 'reader18@example.com', 'Luo Sheng', 'USER', 'ACTIVE', 'School of Computer Science', 'Network Engineering', 'STUDENT', 2021, '["Networks","Security","Distributed Systems"]', DATE_SUB(UTC_TIMESTAMP(), INTERVAL 1 DAY)),
    (31, 'reader19', '$2a$10$DxDRdhqESD4iRRcLwSc/.OP6xbIaNZRx3dc5sr8AbbryhLRnA0ULq', 'reader19@example.com', 'Meng Zhe', 'USER', 'ACTIVE', 'School of Economics', 'Financial Engineering', 'STUDENT', 2020, '["Quant","Finance","Data"]', DATE_SUB(UTC_TIMESTAMP(), INTERVAL 1 DAY)),
    (32, 'reader20', '$2a$10$DxDRdhqESD4iRRcLwSc/.OP6xbIaNZRx3dc5sr8AbbryhLRnA0ULq', 'reader20@example.com', 'Ning Yue', 'USER', 'ACTIVE', 'School of Data Science', 'Big Data', 'STUDENT', 2023, '["Spark","Data Warehouse","ETL"]', DATE_SUB(UTC_TIMESTAMP(), INTERVAL 1 DAY)),
    (33, 'service02', '$2a$10$5idgV1GizC1hGrW.PitgQOxuCIxJ/oOYpVbeb5dSYCl.Acvym8QV6', 'service02@library.com', 'Circulation Staff 2', 'USER', 'ACTIVE', 'Reader Service Center', 'Circulation', 'STAFF', 2021, '["Service","Appointments","Support"]', DATE_SUB(UTC_TIMESTAMP(), INTERVAL 1 DAY)),
    (34, 'graduate03', '$2a$10$DxDRdhqESD4iRRcLwSc/.OP6xbIaNZRx3dc5sr8AbbryhLRnA0ULq', 'graduate03@example.com', 'Ou Yang', 'USER', 'ACTIVE', 'School of Computer Science', 'Cyber Security', 'STUDENT', 2019, '["Security","Paper Reading","Systems"]', DATE_SUB(UTC_TIMESTAMP(), INTERVAL 1 DAY)),
    (35, 'graduate04', '$2a$10$DxDRdhqESD4iRRcLwSc/.OP6xbIaNZRx3dc5sr8AbbryhLRnA0ULq', 'graduate04@example.com', 'Pei Chen', 'USER', 'ACTIVE', 'School of Management', 'Information Systems', 'STUDENT', 2019, '["Product Analytics","Research","UX"]', DATE_SUB(UTC_TIMESTAMP(), INTERVAL 1 DAY));

INSERT INTO user_roles (user_id, role_id) VALUES
    (33, 2);

INSERT INTO publishers (publisher_id, name, address, contact_info, is_deleted) VALUES
    (9, 'ńöĄÕŁÉÕĘźõĖÜÕć║ńēłńżŠ', 'ÕīŚõ║¼ÕĖéµĄĘµĘĆÕī║õĖćÕ»┐ĶĘ»173ÕÅĘ', '010-60000009', b'0'),
    (10, 'ÕŹÄń½ĀÕć║ńēłńżŠ', 'ÕīŚõ║¼ÕĖéµ£Øķś│Õī║ķģÆõ╗ÖµĪźĶĘ»10ÕÅĘ', '010-60000010', b'0'),
    (11, 'MIT Press', 'One Rogers Street, Cambridge', '001-617-2535646', b'0'),
    (12, 'Prentice Hall', '221 River Street, Hoboken', '001-201-2367000', b'0');

INSERT INTO categories (category_id, name, parent_id, description, is_deleted) VALUES
    (14, 'ńĮæń╗£õĖÄÕ«ēÕģ©', 1, 'ńĮæń╗£ÕŹÅĶ««ŃĆüÕ«ēÕģ©µŖĆµ£»õĖÄµö╗ķś▓Õ¤║ńĪĆ', b'0'),
    (15, 'õ║¦ÕōüõĖÄĶ┐ÉĶÉź', 8, 'õ║¦ÕōüĶ«ŠĶ«ĪŃĆüĶ┐ÉĶÉźń«ĪńÉåõĖÄµ£ŹÕŖĪµĄüń©ŗ', b'0'),
    (16, 'ńżŠõ╝Üń¦æÕŁ”', NULL, 'ńżŠõ╝ÜÕŁ”ŃĆüÕģ¼Õģ▒ń«ĪńÉåõĖÄń╗äń╗ćńĀöń®Č', b'0'),
    (17, 'Ķ«║µ¢ćÕåÖõĮ£', 8, 'ÕŁ”µ£»ÕåÖõĮ£ŃĆüńĀöń®Čµ¢╣µ│ĢõĖÄĶ«║µ¢ćĶ¦äĶīā', b'0');

INSERT INTO authors (author_id, name, biography, birth_year, death_year, is_deleted) VALUES
    (19, 'Andrew S. Tanenbaum', 'Ķ«Īń«Śµ£║ńĮæń╗£õĖÄµōŹõĮ£ń│╗ń╗¤õĮ£ĶĆģŃĆé', 1944, NULL, b'0'),
    (20, 'Ian Goodfellow', 'µĘ▒Õ║”ÕŁ”õ╣ĀńĀöń®ČĶĆģõĖÄµĢÖµØÉõĮ£ĶĆģŃĆé', 1985, NULL, b'0'),
    (21, 'Kathy Sierra', 'Head First ń│╗ÕłŚõĮ£ĶĆģŃĆé', NULL, NULL, b'0'),
    (22, 'Charles E. Leiserson', 'ń«Śµ│ĢõĖÄÕ╣ČĶĪīĶ«Īń«ŚńĀöń®ČĶĆģŃĆé', 1953, NULL, b'0'),
    (23, 'Bruce Schneier', 'Õ«ēÕģ©ķóåÕ¤¤õĮ£ĶĆģõĖÄńĀöń®ČĶĆģŃĆé', 1963, NULL, b'0'),
    (24, 'Don Norman', 'Ķ«ŠĶ«ĪõĖÄńö©µłĘõĮōķ¬īķóåÕ¤¤ÕŁ”ĶĆģŃĆé', 1935, NULL, b'0'),
    (25, 'Philip Kotler', 'ĶÉźķöĆń«ĪńÉåń╗ÅÕģĖõĮ£ĶĆģŃĆé', 1931, NULL, b'0'),
    (26, 'John W. Creswell', 'ńĀöń®Čµ¢╣µ│ĢõĖÄĶ«║µ¢ćÕåÖõĮ£ķóåÕ¤¤õĮ£ĶĆģŃĆé', 1945, NULL, b'0'),
    (27, 'ńÄŗķüōĶ«║ÕØø', 'Ķ«Īń«Śµ£║ĶĆāńĀöõĖÄÕ¤║ńĪĆĶ»Šń©ŗĶŠģÕ»╝Õøóķś¤ŃĆé', NULL, NULL, b'0'),
    (28, 'µØÄµ▓É', 'µĘ▒Õ║”ÕŁ”õ╣ĀÕ«×ĶĘĄµ¢╣ÕÉæõĮ£ĶĆģŃĆé', NULL, NULL, b'0');

INSERT INTO books (
    book_id, isbn, title, cover_url, resource_mode, online_access_url, online_access_type,
    description, page_count, published_year, language, publisher_id, category_id, status
) VALUES
    (19, '9787115512055', 'Computer Networks', 'https://images.example.com/books/computer-networks.jpg', 'PHYSICAL_ONLY', NULL, NULL, 'ń╗ÅÕģĖĶ«Īń«Śµ£║ńĮæń╗£µĢÖµØÉŃĆé', 960, 2021, 'English', 9, 14, 'ACTIVE'),
    (20, '9787115472144', 'Deep Learning', 'https://images.example.com/books/deep-learning.jpg', 'HYBRID', 'https://campus.example.com/ebooks/deep-learning', 'CAMPUS_ONLY', 'µĘ▒Õ║”ÕŁ”õ╣ĀńÉåĶ«║õĖÄÕ«×ĶĘĄµĢÖµØÉŃĆé', 775, 2018, 'English', 11, 6, 'ACTIVE'),
    (21, '9787508353944', 'Head First Design Patterns', 'https://images.example.com/books/hfdp.jpg', 'PHYSICAL_ONLY', NULL, NULL, 'Ķ«ŠĶ«Īµ©ĪÕ╝ÅÕģźķŚ©ń╗ÅÕģĖŃĆé', 694, 2020, 'English', 9, 10, 'ACTIVE'),
    (22, '9787302602590', 'Marketing Management', 'https://images.example.com/books/marketing-management.jpg', 'PHYSICAL_ONLY', NULL, NULL, 'ÕĖéÕ£║ĶÉźķöĆń«ĪńÉåÕ¤║ńĪĆµĢÖµØÉŃĆé', 512, 2022, 'English', 10, 15, 'ACTIVE'),
    (23, '9787111615466', 'ńĮæń╗£Õ«ēÕģ©Õ¤║ńĪĆ', 'https://images.example.com/books/network-security.jpg', 'PHYSICAL_ONLY', NULL, NULL, 'ńĮæń╗£Õ«ēÕģ©õĖÄķś▓µŖżÕ¤║ńĪĆµĢÖµØÉŃĆé', 402, 2023, 'õĖŁµ¢ć', 9, 14, 'ACTIVE'),
    (24, '9787115428024', 'µĢ░µŹ«õ╗ōÕ║ōÕĘźÕģĘń«▒', 'https://images.example.com/books/data-warehouse-toolkit.jpg', 'HYBRID', 'https://campus.example.com/ebooks/data-warehouse-toolkit', 'LICENSED_ACCESS', 'µĢ░õ╗ōÕ╗║µ©ĪõĖÄ BI ķĪ╣ńø«Õ«×ĶĘĄŃĆé', 580, 2021, 'õĖŁµ¢ć', 10, 9, 'ACTIVE'),
    (25, '9787115563819', 'ńö©µłĘõĮōķ¬īĶ”üń┤Ā', 'https://images.example.com/books/ux-elements.jpg', 'PHYSICAL_ONLY', NULL, NULL, 'ńö©µłĘõĮōķ¬īÕ¤║ńĪĆµĪåµ×ČõĖÄµ¢╣µ│ĢŃĆé', 250, 2021, 'õĖŁµ¢ć', 7, 15, 'ACTIVE'),
    (26, '9787302553564', 'ńĀöń®ČĶ«ŠĶ«ĪõĖÄĶ«║µ¢ćÕåÖõĮ£', 'https://images.example.com/books/research-design.jpg', 'PHYSICAL_ONLY', NULL, NULL, 'ńĀöń®Čµ¢╣µ│ĢõĖÄĶ«║µ¢ćń╗ōµ×äÕåÖõĮ£µīćÕŹŚŃĆé', 376, 2022, 'õĖŁµ¢ć', 4, 17, 'ACTIVE'),
    (27, '9787302528944', 'µōŹõĮ£ń│╗ń╗¤ĶĆāńĀöµīćÕ»╝', 'https://images.example.com/books/os-exam-guide.jpg', 'PHYSICAL_ONLY', NULL, NULL, 'µōŹõĮ£ń│╗ń╗¤ķćŹńé╣ń¤źĶ»åõĖÄń£¤ķóśĶ¦Żµ×ÉŃĆé', 420, 2020, 'õĖŁµ¢ć', 4, 10, 'ACTIVE'),
    (28, '9787115546089', 'ÕŖ©µēŗÕŁ”µĘ▒Õ║”ÕŁ”õ╣Ā', 'https://images.example.com/books/d2l.jpg', 'HYBRID', 'https://campus.example.com/ebooks/d2l', 'OPEN_ACCESS', 'ķØóÕÉæÕ«×ĶĘĄńÜäµĘ▒Õ║”ÕŁ”õ╣ĀµĢÖµØÉŃĆé', 620, 2023, 'õĖŁµ¢ć', 7, 6, 'ACTIVE'),
    (29, '9787115494847', 'õ║¦Õōüń╗ÅńÉåÕ«×µłś', 'https://images.example.com/books/product-manager.jpg', 'PHYSICAL_ONLY', NULL, NULL, 'õ║¦ÕōüĶ«ŠĶ«ĪõĖÄķ£Ćµ▒éÕłåµ×ÉÕ«×ĶĘĄŃĆé', 358, 2022, 'õĖŁµ¢ć', 9, 15, 'ACTIVE'),
    (30, '9787302584520', 'ńżŠõ╝ÜńĀöń®Čµ¢╣µ│Ģ', 'https://images.example.com/books/social-research.jpg', 'PHYSICAL_ONLY', NULL, NULL, 'ńżŠõ╝Üń¦æÕŁ”ńĀöń®ČĶ«ŠĶ«ĪõĖÄµ¢╣µ│ĢŃĆé', 490, 2021, 'õĖŁµ¢ć', 4, 16, 'ACTIVE');

INSERT INTO book_authors (book_id, author_id, author_order) VALUES
    (19, 19, 1),
    (20, 20, 1),
    (21, 21, 1),
    (22, 25, 1),
    (23, 23, 1),
    (24, 9, 1),
    (25, 24, 1),
    (26, 26, 1),
    (27, 27, 1),
    (28, 28, 1),
    (29, 15, 1),
    (30, 26, 1);

INSERT INTO book_copies (
    copy_id, book_id, status, acquisition_date, price, notes, location_code, rfid_tag, floor_plan_id
) VALUES
    (45, 19, 'AVAILABLE', DATE_SUB(CURRENT_DATE, INTERVAL 25 DAY), 110.00, NULL, 'N-01-01', 'RFID-NET-0001', 4),
    (46, 19, 'BORROWED', DATE_SUB(CURRENT_DATE, INTERVAL 24 DAY), 110.00, NULL, 'N-01-02', 'RFID-NET-0002', 4),
    (47, 19, 'AVAILABLE', DATE_SUB(CURRENT_DATE, INTERVAL 23 DAY), 110.00, NULL, 'N-01-03', 'RFID-NET-0003', 4),
    (48, 20, 'AVAILABLE', DATE_SUB(CURRENT_DATE, INTERVAL 22 DAY), 135.00, NULL, 'A-05-01', 'RFID-DL-0001', 4),
    (49, 20, 'BORROWED', DATE_SUB(CURRENT_DATE, INTERVAL 21 DAY), 135.00, NULL, 'A-05-02', 'RFID-DL-0002', 4),
    (50, 20, 'AVAILABLE', DATE_SUB(CURRENT_DATE, INTERVAL 20 DAY), 135.00, NULL, 'A-05-03', 'RFID-DL-0003', 4),
    (51, 21, 'AVAILABLE', DATE_SUB(CURRENT_DATE, INTERVAL 19 DAY), 82.00, NULL, 'SE-01-01', 'RFID-DP-0001', 4),
    (52, 21, 'BORROWED', DATE_SUB(CURRENT_DATE, INTERVAL 18 DAY), 82.00, NULL, 'SE-01-02', 'RFID-DP-0002', 4),
    (53, 21, 'AVAILABLE', DATE_SUB(CURRENT_DATE, INTERVAL 17 DAY), 82.00, NULL, 'SE-01-03', 'RFID-DP-0003', 4),
    (54, 22, 'AVAILABLE', DATE_SUB(CURRENT_DATE, INTERVAL 16 DAY), 88.00, NULL, 'M-01-01', 'RFID-MM-0001', 5),
    (55, 22, 'AVAILABLE', DATE_SUB(CURRENT_DATE, INTERVAL 15 DAY), 88.00, NULL, 'M-01-02', 'RFID-MM-0002', 5),
    (56, 22, 'BORROWED', DATE_SUB(CURRENT_DATE, INTERVAL 14 DAY), 88.00, NULL, 'M-01-03', 'RFID-MM-0003', 5),
    (57, 23, 'AVAILABLE', DATE_SUB(CURRENT_DATE, INTERVAL 13 DAY), 68.00, NULL, 'N-02-01', 'RFID-SEC-0001', 4),
    (58, 23, 'BORROWED', DATE_SUB(CURRENT_DATE, INTERVAL 12 DAY), 68.00, NULL, 'N-02-02', 'RFID-SEC-0002', 4),
    (59, 23, 'RESERVED', DATE_SUB(CURRENT_DATE, INTERVAL 11 DAY), 68.00, 'ķóäń║”ķöüÕ«ÜõĖŁ', 'N-02-03', 'RFID-SEC-0003', 4),
    (60, 24, 'AVAILABLE', DATE_SUB(CURRENT_DATE, INTERVAL 10 DAY), 102.00, NULL, 'DS-01-01', 'RFID-DW-0001', 4),
    (61, 24, 'AVAILABLE', DATE_SUB(CURRENT_DATE, INTERVAL 9 DAY), 102.00, NULL, 'DS-01-02', 'RFID-DW-0002', 4),
    (62, 24, 'BORROWED', DATE_SUB(CURRENT_DATE, INTERVAL 8 DAY), 102.00, NULL, 'DS-01-03', 'RFID-DW-0003', 4),
    (63, 25, 'AVAILABLE', DATE_SUB(CURRENT_DATE, INTERVAL 7 DAY), 52.00, NULL, 'UX-01-01', 'RFID-UX-0001', 1),
    (64, 25, 'AVAILABLE', DATE_SUB(CURRENT_DATE, INTERVAL 6 DAY), 52.00, NULL, 'UX-01-02', 'RFID-UX-0002', 1),
    (65, 25, 'BORROWED', DATE_SUB(CURRENT_DATE, INTERVAL 5 DAY), 52.00, NULL, 'UX-01-03', 'RFID-UX-0003', 1),
    (66, 26, 'AVAILABLE', DATE_SUB(CURRENT_DATE, INTERVAL 12 DAY), 61.00, NULL, 'R-01-01', 'RFID-RW-0001', 5),
    (67, 26, 'AVAILABLE', DATE_SUB(CURRENT_DATE, INTERVAL 11 DAY), 61.00, NULL, 'R-01-02', 'RFID-RW-0002', 5),
    (68, 27, 'AVAILABLE', DATE_SUB(CURRENT_DATE, INTERVAL 10 DAY), 46.00, NULL, 'OS-01-01', 'RFID-OSG-0001', 4),
    (69, 27, 'BORROWED', DATE_SUB(CURRENT_DATE, INTERVAL 9 DAY), 46.00, NULL, 'OS-01-02', 'RFID-OSG-0002', 4),
    (70, 27, 'AVAILABLE', DATE_SUB(CURRENT_DATE, INTERVAL 8 DAY), 46.00, NULL, 'OS-01-03', 'RFID-OSG-0003', 4),
    (71, 28, 'AVAILABLE', DATE_SUB(CURRENT_DATE, INTERVAL 7 DAY), 72.00, NULL, 'A-06-01', 'RFID-D2L-0001', 4),
    (72, 28, 'BORROWED', DATE_SUB(CURRENT_DATE, INTERVAL 6 DAY), 72.00, NULL, 'A-06-02', 'RFID-D2L-0002', 4),
    (73, 28, 'AVAILABLE', DATE_SUB(CURRENT_DATE, INTERVAL 5 DAY), 72.00, NULL, 'A-06-03', 'RFID-D2L-0003', 4),
    (74, 29, 'AVAILABLE', DATE_SUB(CURRENT_DATE, INTERVAL 4 DAY), 55.00, NULL, 'PM-01-01', 'RFID-PM-0001', 1),
    (75, 29, 'AVAILABLE', DATE_SUB(CURRENT_DATE, INTERVAL 4 DAY), 55.00, NULL, 'PM-01-02', 'RFID-PM-0002', 1),
    (76, 30, 'AVAILABLE', DATE_SUB(CURRENT_DATE, INTERVAL 3 DAY), 64.00, NULL, 'SS-01-01', 'RFID-SR-0001', 5),
    (77, 30, 'BORROWED', DATE_SUB(CURRENT_DATE, INTERVAL 3 DAY), 64.00, NULL, 'SS-01-02', 'RFID-SR-0002', 5),
    (78, 30, 'AVAILABLE', DATE_SUB(CURRENT_DATE, INTERVAL 2 DAY), 64.00, NULL, 'SS-01-03', 'RFID-SR-0003', 5),
    (79, 24, 'AVAILABLE', DATE_SUB(CURRENT_DATE, INTERVAL 2 DAY), 102.00, NULL, 'DS-01-04', 'RFID-DW-0004', 4),
    (80, 19, 'AVAILABLE', DATE_SUB(CURRENT_DATE, INTERVAL 1 DAY), 110.00, NULL, 'N-01-04', 'RFID-NET-0004', 4);

INSERT INTO loans (
    loan_id, copy_id, user_id, borrow_date, due_date, return_date, status, renewal_count, create_time, update_time
) VALUES
    (15, 46, 21, DATE_SUB(CURRENT_DATE, INTERVAL 4 DAY), DATE_ADD(CURRENT_DATE, INTERVAL 10 DAY), NULL, 'ACTIVE', 0, DATE_SUB(UTC_TIMESTAMP(), INTERVAL 4 DAY), DATE_SUB(UTC_TIMESTAMP(), INTERVAL 4 DAY)),
    (16, 49, 32, DATE_SUB(CURRENT_DATE, INTERVAL 16 DAY), DATE_SUB(CURRENT_DATE, INTERVAL 2 DAY), NULL, 'OVERDUE', 1, DATE_SUB(UTC_TIMESTAMP(), INTERVAL 16 DAY), DATE_SUB(UTC_TIMESTAMP(), INTERVAL 1 DAY)),
    (17, 52, 27, DATE_SUB(CURRENT_DATE, INTERVAL 5 DAY), DATE_ADD(CURRENT_DATE, INTERVAL 9 DAY), NULL, 'ACTIVE', 0, DATE_SUB(UTC_TIMESTAMP(), INTERVAL 5 DAY), DATE_SUB(UTC_TIMESTAMP(), INTERVAL 5 DAY)),
    (18, 56, 23, DATE_SUB(CURRENT_DATE, INTERVAL 7 DAY), DATE_ADD(CURRENT_DATE, INTERVAL 7 DAY), NULL, 'ACTIVE', 0, DATE_SUB(UTC_TIMESTAMP(), INTERVAL 7 DAY), DATE_SUB(UTC_TIMESTAMP(), INTERVAL 7 DAY)),
    (19, 58, 30, DATE_SUB(CURRENT_DATE, INTERVAL 13 DAY), DATE_ADD(CURRENT_DATE, INTERVAL 1 DAY), NULL, 'ACTIVE', 0, DATE_SUB(UTC_TIMESTAMP(), INTERVAL 13 DAY), DATE_SUB(UTC_TIMESTAMP(), INTERVAL 13 DAY)),
    (20, 62, 32, DATE_SUB(CURRENT_DATE, INTERVAL 6 DAY), DATE_ADD(CURRENT_DATE, INTERVAL 8 DAY), NULL, 'ACTIVE', 0, DATE_SUB(UTC_TIMESTAMP(), INTERVAL 6 DAY), DATE_SUB(UTC_TIMESTAMP(), INTERVAL 6 DAY)),
    (21, 65, 35, DATE_SUB(CURRENT_DATE, INTERVAL 2 DAY), DATE_ADD(CURRENT_DATE, INTERVAL 12 DAY), NULL, 'ACTIVE', 0, DATE_SUB(UTC_TIMESTAMP(), INTERVAL 2 DAY), DATE_SUB(UTC_TIMESTAMP(), INTERVAL 2 DAY)),
    (22, 69, 34, DATE_SUB(CURRENT_DATE, INTERVAL 19 DAY), DATE_SUB(CURRENT_DATE, INTERVAL 5 DAY), DATE_SUB(CURRENT_DATE, INTERVAL 4 DAY), 'RETURNED', 0, DATE_SUB(UTC_TIMESTAMP(), INTERVAL 19 DAY), DATE_SUB(UTC_TIMESTAMP(), INTERVAL 4 DAY)),
    (23, 72, 26, DATE_SUB(CURRENT_DATE, INTERVAL 8 DAY), DATE_ADD(CURRENT_DATE, INTERVAL 6 DAY), NULL, 'ACTIVE', 1, DATE_SUB(UTC_TIMESTAMP(), INTERVAL 8 DAY), DATE_SUB(UTC_TIMESTAMP(), INTERVAL 8 DAY)),
    (24, 77, 28, DATE_SUB(CURRENT_DATE, INTERVAL 15 DAY), DATE_SUB(CURRENT_DATE, INTERVAL 1 DAY), NULL, 'OVERDUE', 0, DATE_SUB(UTC_TIMESTAMP(), INTERVAL 15 DAY), DATE_SUB(UTC_TIMESTAMP(), INTERVAL 1 DAY));

INSERT INTO reservations (
    reservation_id, book_id, user_id, reservation_date, expiry_date, status, allocated_copy_id, pickup_deadline, notification_sent, create_time, update_time
) VALUES
    (12, 23, 21, DATE_SUB(CURRENT_DATE, INTERVAL 1 DAY), DATE_ADD(CURRENT_DATE, INTERVAL 5 DAY), 'AWAITING_PICKUP', 59, DATE_ADD(UTC_TIMESTAMP(), INTERVAL 1 DAY), b'1', DATE_SUB(UTC_TIMESTAMP(), INTERVAL 1 DAY), DATE_SUB(UTC_TIMESTAMP(), INTERVAL 1 DAY)),
    (13, 24, 31, DATE_SUB(CURRENT_DATE, INTERVAL 2 DAY), DATE_ADD(CURRENT_DATE, INTERVAL 6 DAY), 'PENDING', NULL, NULL, b'0', DATE_SUB(UTC_TIMESTAMP(), INTERVAL 2 DAY), DATE_SUB(UTC_TIMESTAMP(), INTERVAL 2 DAY)),
    (14, 28, 22, DATE_SUB(CURRENT_DATE, INTERVAL 1 DAY), DATE_ADD(CURRENT_DATE, INTERVAL 7 DAY), 'PENDING', NULL, NULL, b'0', DATE_SUB(UTC_TIMESTAMP(), INTERVAL 1 DAY), DATE_SUB(UTC_TIMESTAMP(), INTERVAL 1 DAY)),
    (15, 30, 35, DATE_SUB(CURRENT_DATE, INTERVAL 3 DAY), DATE_ADD(CURRENT_DATE, INTERVAL 4 DAY), 'PENDING', NULL, NULL, b'0', DATE_SUB(UTC_TIMESTAMP(), INTERVAL 3 DAY), DATE_SUB(UTC_TIMESTAMP(), INTERVAL 3 DAY)),
    (16, 20, 16, DATE_SUB(CURRENT_DATE, INTERVAL 9 DAY), DATE_SUB(CURRENT_DATE, INTERVAL 2 DAY), 'CANCELLED', NULL, NULL, b'0', DATE_SUB(UTC_TIMESTAMP(), INTERVAL 9 DAY), DATE_SUB(UTC_TIMESTAMP(), INTERVAL 7 DAY)),
    (17, 21, 29, DATE_SUB(CURRENT_DATE, INTERVAL 1 DAY), DATE_ADD(CURRENT_DATE, INTERVAL 8 DAY), 'PENDING', NULL, NULL, b'0', DATE_SUB(UTC_TIMESTAMP(), INTERVAL 1 DAY), DATE_SUB(UTC_TIMESTAMP(), INTERVAL 1 DAY)),
    (18, 26, 24, DATE_SUB(CURRENT_DATE, INTERVAL 1 DAY), DATE_ADD(CURRENT_DATE, INTERVAL 6 DAY), 'PENDING', NULL, NULL, b'0', DATE_SUB(UTC_TIMESTAMP(), INTERVAL 1 DAY), DATE_SUB(UTC_TIMESTAMP(), INTERVAL 1 DAY)),
    (19, 29, 23, DATE_SUB(CURRENT_DATE, INTERVAL 2 DAY), DATE_ADD(CURRENT_DATE, INTERVAL 5 DAY), 'PENDING', NULL, NULL, b'0', DATE_SUB(UTC_TIMESTAMP(), INTERVAL 2 DAY), DATE_SUB(UTC_TIMESTAMP(), INTERVAL 2 DAY));

INSERT INTO fines (
    fine_id, loan_id, user_id, amount, reason, date_issued, date_paid, status, create_time, update_time
) VALUES
    (6, 16, 32, 5.60, 'ķĆŠµ£¤ÕĮÆĶ┐ś 2 Õż®', DATE_SUB(CURRENT_DATE, INTERVAL 1 DAY), NULL, 'PENDING', DATE_SUB(UTC_TIMESTAMP(), INTERVAL 1 DAY), DATE_SUB(UTC_TIMESTAMP(), INTERVAL 1 DAY)),
    (7, 24, 28, 3.20, 'ķĆŠµ£¤ÕĮÆĶ┐ś 1 Õż®', DATE_SUB(CURRENT_DATE, INTERVAL 1 DAY), NULL, 'PENDING', DATE_SUB(UTC_TIMESTAMP(), INTERVAL 1 DAY), DATE_SUB(UTC_TIMESTAMP(), INTERVAL 1 DAY));

INSERT INTO notifications (
    notification_id, user_id, type, title, content, is_read, target_type, target_id, route_hint, business_key, send_time
) VALUES
    (16, 21, 'ARRIVAL_NOTICE', 'ķóäń║”ÕøŠõ╣”ÕĘ▓Õł░ķ”å', 'õĮĀķóäń║”ńÜäŃĆŖńĮæń╗£Õ«ēÕģ©Õ¤║ńĪĆŃĆŗÕĘ▓Õł░ķ”å’╝īĶ»ĘÕ░ĮÕ┐½ÕŖ×ńÉåÕÅ¢õ╣”ŃĆé', b'0', 'RESERVATION', '12', '/my/reservations', 'RES_PICKUP_12', DATE_SUB(UTC_TIMESTAMP(), INTERVAL 50 MINUTE)),
    (17, 32, 'DUE_REMINDER', 'ÕĆ¤ķśģÕĘ▓ķĆŠµ£¤', 'õĮĀÕĆ¤ķśģńÜäŃĆŖDeep LearningŃĆŗÕĘ▓ķĆŠµ£¤’╝īĶ»ĘÕ░ĮÕ┐½ÕżäńÉåŃĆé', b'0', 'LOAN', '16', '/my/loans', 'LOAN_OVERDUE_16', DATE_SUB(UTC_TIMESTAMP(), INTERVAL 2 HOUR)),
    (18, 28, 'DUE_REMINDER', 'ÕĆ¤ķśģÕĘ▓ķĆŠµ£¤', 'õĮĀÕĆ¤ķśģńÜäŃĆŖńżŠõ╝ÜńĀöń®Čµ¢╣µ│ĢŃĆŗÕĘ▓ķĆŠµ£¤’╝īĶ»ĘÕ░ĮÕ┐½ÕĮÆĶ┐śŃĆé', b'0', 'LOAN', '24', '/my/loans', 'LOAN_OVERDUE_24', DATE_SUB(UTC_TIMESTAMP(), INTERVAL 90 MINUTE)),
    (19, 22, 'SYSTEM', 'ń«Śµ│ĢõĖōÕī║µø┤µ¢░', 'ń«Śµ│ĢõĖÄµĘ▒Õ║”ÕŁ”õ╣Āµ¢░õ╣”ÕĘ▓ĶĪźÕģģÕł░ÕøøÕ▒é A Õī║ŃĆé', b'0', 'BOOK_SHELF', 'A-06', '/books', 'NEW_BOOK_A6', DATE_SUB(UTC_TIMESTAMP(), INTERVAL 3 HOUR)),
    (20, 23, 'SYSTEM', 'õ║¦ÕōüĶ┐ÉĶÉźõ╣”ÕŹĢµø┤µ¢░', 'õ║¦ÕōüõĖÄĶ┐ÉĶÉźõĖōķóśõ╣”ÕŹĢÕĘ▓õĖŖń║┐ķ”¢ķĪĄŃĆé', b'0', 'BOOKLIST', 'OPS-LIST', '/books', 'OPS_BOOKLIST', DATE_SUB(UTC_TIMESTAMP(), INTERVAL 5 HOUR)),
    (21, 24, 'SYSTEM', 'Ķ«║µ¢ćÕåÖõĮ£ĶĄäµ║ÉõĖŖµ¢░', 'Ķ«║µ¢ćÕåÖõĮ£õĖōÕī║ÕĘ▓µ¢░Õó×ńĀöń®ČĶ«ŠĶ«ĪńøĖÕģ│ÕøŠõ╣”ŃĆé', b'0', 'BOOKLIST', 'RESEARCH-LIST', '/books', 'RESEARCH_BOOKLIST', DATE_SUB(UTC_TIMESTAMP(), INTERVAL 7 HOUR)),
    (22, 25, 'SYSTEM', 'ķćæĶ×ŹĶŹÉõ╣”µø┤µ¢░', 'ķćæĶ×Źµ¢╣ÕÉæµĢÖÕĖłĶŹÉõ╣”ÕĘ▓µø┤µ¢░ŃĆé', b'0', 'RECOMMENDATION', '5', '/my/recommendations', 'FIN_RECOMMEND_REFRESH', DATE_SUB(UTC_TIMESTAMP(), INTERVAL 8 HOUR)),
    (23, 26, 'SYSTEM', 'ń╗¤Ķ«ĪÕŁ”õ╣ĀĶĄäµ║ÉĶĪźÕģģ', 'ń╗¤Ķ«ĪõĖÄµĘ▒Õ║”ÕŁ”õ╣ĀńöĄÕŁÉĶĄäµ║ÉÕĘ▓ÕÉīµŁźŃĆé', b'1', 'BOOK_SHELF', 'STAT-LIB', '/books', 'STAT_RESOURCE_SYNC', DATE_SUB(UTC_TIMESTAMP(), INTERVAL 1 DAY)),
    (24, 27, 'SYSTEM', 'Ķ«ŠĶ«Īµ©ĪÕ╝ÅõĖōķóśõĖŖµ¢░', 'ĶĮ»õ╗ČÕĘźń©ŗõĖōķóśµ¢░Õó×Ķ«ŠĶ«Īµ©ĪÕ╝ÅõĖÄõ╗ŻńĀüĶ┤©ķćÅÕøŠõ╣”ŃĆé', b'0', 'BOOK_SHELF', 'SE-LIB', '/books', 'SE_BOOK_REFRESH', DATE_SUB(UTC_TIMESTAMP(), INTERVAL 10 HOUR)),
    (25, 30, 'SYSTEM', 'ńĮæń╗£Õ«ēÕģ©µ¢░ķ”åĶŚÅµÅÉķåÆ', 'ńĮæń╗£õĖÄÕ«ēÕģ©õĖōÕī║ÕĘ▓µ¢░Õó×ÕżÜµ£¼ÕøŠõ╣”ŃĆé', b'0', 'BOOK_SHELF', 'SEC-LIB', '/books', 'SECURITY_NEW_BOOKS', DATE_SUB(UTC_TIMESTAMP(), INTERVAL 11 HOUR)),
    (26, 31, 'SYSTEM', 'ķćæĶ×ŹµŖĢĶĄäõĖōķóśµÅÉķåÆ', 'ķćæĶ×ŹµŖĢĶĄäµ¢╣ÕÉæÕøŠõ╣”õĖÄĶŹÉõ╣”ÕåģÕ«╣ÕĘ▓µø┤µ¢░ŃĆé', b'0', 'BOOKLIST', 'FIN-LIST', '/books', 'FIN_LIST_SYNC', DATE_SUB(UTC_TIMESTAMP(), INTERVAL 12 HOUR)),
    (27, 33, 'SYSTEM', 'ķóäń║”µ£ŹÕŖĪµÅÉķåÆ', 'õ╗ŖµŚźµ£ē 2 µØĪķóäń║”ÕŠģÕł░ķ”åÕÅ¢õ╣”’╝īĶ»ĘÕģ│µ│©µ£ŹÕŖĪÕÅ░ŃĆé', b'0', 'SYSTEM', 'DESK-1', '/notifications', 'DESK_PICKUP_ALERT', DATE_SUB(UTC_TIMESTAMP(), INTERVAL 1 HOUR)),
    (28, 34, 'SYSTEM', 'ńĮæń╗£Õ«ēÕģ©ĶĄäµ¢Öµø┤µ¢░', 'ńĮæń╗£Õ«ēÕģ©Õ¤║ńĪĆÕøŠõ╣”ÕÅ»ķģŹÕÉłķ”åĶŚÅµĢ░µŹ«Õ║ōµŻĆń┤óõĮ┐ńö©ŃĆé', b'1', 'BOOKLIST', 'SEC-BASE', '/books', 'SEC_BASE_SYNC', DATE_SUB(UTC_TIMESTAMP(), INTERVAL 9 HOUR)),
    (29, 35, 'SYSTEM', 'ńĀöń®Čµ¢╣µ│ĢĶŹÉõ╣”µø┤µ¢░', 'ńĀöń®Čµ¢╣µ│ĢõĖÄµ£ŹÕŖĪĶ«ŠĶ«Īµ¢╣ÕÉæĶŹÉõ╣”ÕĘ▓õĖŖń║┐ŃĆé', b'0', 'RECOMMENDATION', '6', '/my/recommendations', 'RESEARCH_RECOMMEND_SYNC', DATE_SUB(UTC_TIMESTAMP(), INTERVAL 6 HOUR));

INSERT INTO search_history (search_id, user_id, keyword, result_count, search_time) VALUES
    (21, 21, 'ńĮæń╗£Õ«ēÕģ©Õ¤║ńĪĆ', 3, DATE_SUB(UTC_TIMESTAMP(), INTERVAL 1 DAY)),
    (22, 22, 'ÕŖ©µēŗÕŁ”µĘ▒Õ║”ÕŁ”õ╣Ā', 2, DATE_SUB(UTC_TIMESTAMP(), INTERVAL 22 HOUR)),
    (23, 23, 'õ║¦Õōüń╗ÅńÉå', 4, DATE_SUB(UTC_TIMESTAMP(), INTERVAL 20 HOUR)),
    (24, 24, 'Ķ«║µ¢ćÕåÖõĮ£', 5, DATE_SUB(UTC_TIMESTAMP(), INTERVAL 19 HOUR)),
    (25, 25, 'Marketing Management', 2, DATE_SUB(UTC_TIMESTAMP(), INTERVAL 18 HOUR)),
    (26, 26, 'ńżŠõ╝ÜńĀöń®Čµ¢╣µ│Ģ', 3, DATE_SUB(UTC_TIMESTAMP(), INTERVAL 17 HOUR)),
    (27, 27, 'Design Patterns', 2, DATE_SUB(UTC_TIMESTAMP(), INTERVAL 16 HOUR)),
    (28, 28, 'ńö©µłĘõĮōķ¬ī', 4, DATE_SUB(UTC_TIMESTAMP(), INTERVAL 15 HOUR)),
    (29, 29, 'ń«Śµ│ĢÕ»╝Ķ«║', 4, DATE_SUB(UTC_TIMESTAMP(), INTERVAL 14 HOUR)),
    (30, 30, 'Computer Networks', 2, DATE_SUB(UTC_TIMESTAMP(), INTERVAL 13 HOUR)),
    (31, 31, 'ķćæĶ×ŹÕŁ”', 4, DATE_SUB(UTC_TIMESTAMP(), INTERVAL 12 HOUR)),
    (32, 32, 'µĢ░µŹ«õ╗ōÕ║ō', 3, DATE_SUB(UTC_TIMESTAMP(), INTERVAL 11 HOUR)),
    (33, 33, 'ķóäń║”µ£ŹÕŖĪ', 1, DATE_SUB(UTC_TIMESTAMP(), INTERVAL 10 HOUR)),
    (34, 34, 'ńĮæń╗£Õ«ēÕģ©', 5, DATE_SUB(UTC_TIMESTAMP(), INTERVAL 9 HOUR)),
    (35, 35, 'ńĀöń®ČĶ«ŠĶ«Ī', 2, DATE_SUB(UTC_TIMESTAMP(), INTERVAL 8 HOUR)),
    (36, 19, 'Computer Networks', 2, DATE_SUB(UTC_TIMESTAMP(), INTERVAL 7 HOUR)),
    (37, 20, 'õ║¦Õōüń╗ÅńÉåÕ«×µłś', 2, DATE_SUB(UTC_TIMESTAMP(), INTERVAL 6 HOUR)),
    (38, 21, 'ńĮæń╗£ÕŹÅĶ««', 5, DATE_SUB(UTC_TIMESTAMP(), INTERVAL 5 HOUR)),
    (39, 22, 'Ķ«ŠĶ«Īµ©ĪÕ╝Å', 3, DATE_SUB(UTC_TIMESTAMP(), INTERVAL 4 HOUR)),
    (40, 30, 'Linux', 4, DATE_SUB(UTC_TIMESTAMP(), INTERVAL 3 HOUR)),
    (41, 32, 'ETL', 4, DATE_SUB(UTC_TIMESTAMP(), INTERVAL 2 HOUR)),
    (42, 35, 'ńżŠõ╝ÜńĀöń®Č', 3, DATE_SUB(UTC_TIMESTAMP(), INTERVAL 1 HOUR));

INSERT INTO user_behavior_logs (log_id, user_id, book_id, action_type, duration_seconds, device_type, create_time) VALUES
    (26, 21, 23, 'VIEW_DETAIL', 88, 'mobile', DATE_SUB(UTC_TIMESTAMP(), INTERVAL 1 DAY)),
    (27, 21, 23, 'RESERVE_BOOK', 22, 'mobile', DATE_SUB(UTC_TIMESTAMP(), INTERVAL 1 DAY)),
    (28, 22, 28, 'CLICK_PREVIEW', 52, 'web', DATE_SUB(UTC_TIMESTAMP(), INTERVAL 20 HOUR)),
    (29, 22, 21, 'VIEW_DETAIL', 61, 'web', DATE_SUB(UTC_TIMESTAMP(), INTERVAL 18 HOUR)),
    (30, 23, 29, 'VIEW_DETAIL', 77, 'web', DATE_SUB(UTC_TIMESTAMP(), INTERVAL 17 HOUR)),
    (31, 23, 22, 'BORROW_BOOK', 36, 'web', DATE_SUB(UTC_TIMESTAMP(), INTERVAL 7 DAY)),
    (32, 24, 26, 'VIEW_DETAIL', 90, 'mobile', DATE_SUB(UTC_TIMESTAMP(), INTERVAL 16 HOUR)),
    (33, 24, 30, 'ADD_TO_SHELF', 15, 'mobile', DATE_SUB(UTC_TIMESTAMP(), INTERVAL 15 HOUR)),
    (34, 25, 22, 'VIEW_DETAIL', 64, 'web', DATE_SUB(UTC_TIMESTAMP(), INTERVAL 14 HOUR)),
    (35, 26, 28, 'VIEW_DETAIL', 71, 'web', DATE_SUB(UTC_TIMESTAMP(), INTERVAL 13 HOUR)),
    (36, 27, 21, 'BORROW_BOOK', 41, 'mobile', DATE_SUB(UTC_TIMESTAMP(), INTERVAL 5 DAY)),
    (37, 28, 30, 'BORROW_BOOK', 29, 'mobile', DATE_SUB(UTC_TIMESTAMP(), INTERVAL 15 DAY)),
    (38, 29, 18, 'VIEW_DETAIL', 83, 'web', DATE_SUB(UTC_TIMESTAMP(), INTERVAL 12 HOUR)),
    (39, 30, 19, 'BORROW_BOOK', 34, 'web', DATE_SUB(UTC_TIMESTAMP(), INTERVAL 13 DAY)),
    (40, 31, 13, 'VIEW_DETAIL', 68, 'mobile', DATE_SUB(UTC_TIMESTAMP(), INTERVAL 10 HOUR)),
    (41, 32, 24, 'BORROW_BOOK', 31, 'web', DATE_SUB(UTC_TIMESTAMP(), INTERVAL 6 DAY)),
    (42, 33, 17, 'SHARE', 18, 'web', DATE_SUB(UTC_TIMESTAMP(), INTERVAL 9 HOUR)),
    (43, 34, 23, 'VIEW_DETAIL', 97, 'web', DATE_SUB(UTC_TIMESTAMP(), INTERVAL 8 HOUR)),
    (44, 35, 26, 'CLICK_PREVIEW', 48, 'web', DATE_SUB(UTC_TIMESTAMP(), INTERVAL 7 HOUR)),
    (45, 19, 19, 'SHARE', 24, 'web', DATE_SUB(UTC_TIMESTAMP(), INTERVAL 6 HOUR)),
    (46, 20, 29, 'SHARE', 20, 'web', DATE_SUB(UTC_TIMESTAMP(), INTERVAL 5 HOUR)),
    (47, 21, 19, 'VIEW_DETAIL', 52, 'mobile', DATE_SUB(UTC_TIMESTAMP(), INTERVAL 4 HOUR)),
    (48, 22, 18, 'ADD_TO_SHELF', 14, 'mobile', DATE_SUB(UTC_TIMESTAMP(), INTERVAL 3 HOUR)),
    (49, 23, 25, 'VIEW_DETAIL', 59, 'web', DATE_SUB(UTC_TIMESTAMP(), INTERVAL 2 HOUR)),
    (50, 24, 26, 'CLICK_PREVIEW', 43, 'mobile', DATE_SUB(UTC_TIMESTAMP(), INTERVAL 1 HOUR));

INSERT INTO book_reviews (
    review_id, book_id, user_id, loan_id, rating, comment_text, status, create_time, update_time
) VALUES
    (10, 19, 21, 15, 5, 'ńĮæń╗£ÕłåÕ▒éÕÆīÕŹÅĶ««ń╗åĶŖéĶ«▓ÕŠŚķØ×ÕĖĖÕ«īµĢ┤’╝īķĆéÕÉłń│╗ń╗¤ÕŁ”õ╣ĀŃĆé', 'APPROVED', DATE_SUB(UTC_TIMESTAMP(), INTERVAL 2 DAY), DATE_SUB(UTC_TIMESTAMP(), INTERVAL 1 DAY)),
    (11, 20, 32, 16, 4, 'ńÉåĶ«║ķā©ÕłåÕŠłń│╗ń╗¤’╝īõĮåķ£ĆĶ”üń╗ōÕÉłÕ«×ĶĘĄķĪ╣ńø«ńÉåĶ¦ŻŃĆé', 'PENDING', DATE_SUB(UTC_TIMESTAMP(), INTERVAL 3 HOUR), DATE_SUB(UTC_TIMESTAMP(), INTERVAL 3 HOUR)),
    (12, 21, 27, 17, 5, 'Ķ«ŠĶ«Īµ©ĪÕ╝ÅĶ«▓Ķ¦Żńö¤ÕŖ©’╝īķĆéÕÉłÕżŹõ╣ĀÕÆīķØóĶ»ĢŃĆé', 'APPROVED', DATE_SUB(UTC_TIMESTAMP(), INTERVAL 1 DAY), DATE_SUB(UTC_TIMESTAMP(), INTERVAL 20 HOUR)),
    (13, 22, 23, 18, 4, 'µĪłõŠŗĶŠāõĖ░Õ»ī’╝īķĆéÕÉłń«ĪńÉåń▒╗Ķ»Šń©ŗķģŹÕźŚõĮ┐ńö©ŃĆé', 'APPROVED', DATE_SUB(UTC_TIMESTAMP(), INTERVAL 8 HOUR), DATE_SUB(UTC_TIMESTAMP(), INTERVAL 7 HOUR)),
    (14, 23, 30, 19, 4, 'õĮ£õĖ║ÕģźķŚ©õ╣”Õż¤ńö©õ║å’╝īÕ╗║Ķ««ÕåŹµÉŁķģŹÕ«×ķ¬īĶĄäµ¢ÖŃĆé', 'PENDING', DATE_SUB(UTC_TIMESTAMP(), INTERVAL 6 HOUR), DATE_SUB(UTC_TIMESTAMP(), INTERVAL 6 HOUR)),
    (15, 24, 32, 20, 5, 'µĢ░õ╗ōÕ╗║µ©Īķā©ÕłåÕŠłµ£ēÕÅéĶĆāõ╗ĘÕĆ╝ŃĆé', 'APPROVED', DATE_SUB(UTC_TIMESTAMP(), INTERVAL 4 HOUR), DATE_SUB(UTC_TIMESTAMP(), INTERVAL 3 HOUR)),
    (16, 25, 35, 21, 4, 'ķśģĶ»╗ĶĮ╗µØŠ’╝īķĆéÕÉłµ£ŹÕŖĪĶ«ŠĶ«ĪÕģźķŚ©ŃĆé', 'APPROVED', DATE_SUB(UTC_TIMESTAMP(), INTERVAL 2 HOUR), DATE_SUB(UTC_TIMESTAMP(), INTERVAL 90 MINUTE)),
    (17, 28, 26, 23, 5, 'ÕŖ©µēŗķā©ÕłåÕŠłÕ╝║’╝īķĆéÕÉłĶć¬ÕŁ”µĘ▒Õ║”ÕŁ”õ╣ĀŃĆé', 'APPROVED', DATE_SUB(UTC_TIMESTAMP(), INTERVAL 1 HOUR), DATE_SUB(UTC_TIMESTAMP(), INTERVAL 50 MINUTE)),
    (18, 30, 28, 24, 4, 'ńĀöń®Čµ¢╣µ│ĢµĪåµ×Čµ»öĶŠāµĖģµÖ░’╝īķĆéÕÉłÕåÖĶ«║µ¢ćÕēŹķśģĶ»╗ŃĆé', 'PENDING', DATE_SUB(UTC_TIMESTAMP(), INTERVAL 40 MINUTE), DATE_SUB(UTC_TIMESTAMP(), INTERVAL 40 MINUTE));

INSERT INTO user_feedbacks (
    feedback_id, user_id, category, subject, content, contact_email, status, admin_reply, handled_by, reply_time, create_time, update_time
) VALUES
    (6, 21, 'SYSTEM_BUG', 'ķĆÜń¤źÕĘ▓Ķ»╗ńŖČµĆüÕüČÕÅæõĖŹÕłĘµ¢░', 'ń¦╗ÕŖ©ń½»µČłµü»ÕłŚĶĪ©ÕüČÕÅæķ£ĆĶ”üķćŹµ¢░Ķ┐øÕģźķĪĄķØóµēŹĶāĮń£ŗÕł░ÕĘ▓Ķ»╗ńŖČµĆüŃĆé', 'reader09@example.com', 'SUBMITTED', NULL, NULL, NULL, DATE_SUB(UTC_TIMESTAMP(), INTERVAL 7 HOUR), DATE_SUB(UTC_TIMESTAMP(), INTERVAL 7 HOUR)),
    (7, 23, 'SUGGESTION', 'Õ╗║Ķ««Õó×ÕŖĀõ║¦ÕōüõĖōķóśµŻĆń┤óµĀćńŁŠ', 'õ║¦ÕōüÕÆīĶ┐ÉĶÉźń▒╗ÕøŠõ╣”Õ”éµ×£ĶāĮÕŖĀõĖōķóśµĀćńŁŠõ╝Üµø┤µ¢╣õŠ┐ŃĆé', 'reader11@example.com', 'IN_PROGRESS', 'ÕĘ▓õ║żń╗ÖÕēŹń½»õĖÄµŻĆń┤óµ£ŹÕŖĪõĖĆĶĄĘĶ»äõ╝░ŃĆé', 'admin', DATE_SUB(UTC_TIMESTAMP(), INTERVAL 3 HOUR), DATE_SUB(UTC_TIMESTAMP(), INTERVAL 12 HOUR), DATE_SUB(UTC_TIMESTAMP(), INTERVAL 3 HOUR)),
    (8, 24, 'SERVICE_EXPERIENCE', 'Ķ«║µ¢ćÕåÖõĮ£õĖōÕī║ÕŠłÕźĮńö©', 'Ķ«║µ¢ćÕåÖõĮ£õĖōÕī║ńÜäÕłåń▒╗µ»öĶŠāµĖģµźÜ’╝īµēŠĶĄäµ¢ÖµĢłńÄćķ½śŃĆé', 'reader12@example.com', 'RESOLVED', 'µä¤Ķ░óÕÅŹķ”ł’╝īµłæõ╗¼õ╝Üń╗¦ń╗ŁĶĪźÕģģńĀöń®Čµ¢╣µ│ĢĶĄäµ║ÉŃĆé', 'service02', DATE_SUB(UTC_TIMESTAMP(), INTERVAL 1 DAY), DATE_SUB(UTC_TIMESTAMP(), INTERVAL 2 DAY), DATE_SUB(UTC_TIMESTAMP(), INTERVAL 1 DAY)),
    (9, 30, 'BOOK_INFO', 'ÕĖīµ£øĶĪźµø┤ÕżÜńĮæń╗£Õ«ēÕģ©Ķ┐øķśČõ╣”', 'ńø«ÕēŹÕ«ēÕģ©Õ¤║ńĪĆõ╣”µ»öĶŠāÕżÜ’╝īµā│ń£ŗµø┤ÕüÅµö╗ķś▓ÕÆīÕĘźń©ŗÕ«×ĶĘĄńÜäõ╣”ŃĆé', 'reader18@example.com', 'SUBMITTED', NULL, NULL, NULL, DATE_SUB(UTC_TIMESTAMP(), INTERVAL 5 HOUR), DATE_SUB(UTC_TIMESTAMP(), INTERVAL 5 HOUR)),
    (10, 35, 'SUGGESTION', 'µ£ŹÕŖĪĶ«ŠĶ«Īõ╣”ÕŹĢÕŠłÕ«×ńö©', 'Õ╗║Ķ««ķ”¢ķĪĄµö»µīüµŖŖµ£ŹÕŖĪĶ«ŠĶ«ĪÕÆīńĀöń®Čµ¢╣µ│ĢĶüöÕŖ©µÄ©ĶŹÉŃĆé', 'graduate04@example.com', 'RESOLVED', 'ÕĘ▓Ķ«░ÕĮĢÕł░µÄ©ĶŹÉńŁ¢ńĢźõ╝śÕī¢ķ£Ćµ▒éµ▒ĀŃĆé', 'admin', DATE_SUB(UTC_TIMESTAMP(), INTERVAL 2 HOUR), DATE_SUB(UTC_TIMESTAMP(), INTERVAL 8 HOUR), DATE_SUB(UTC_TIMESTAMP(), INTERVAL 2 HOUR));

INSERT INTO user_favorites (favorite_id, user_id, book_id, create_time) VALUES
    (15, 21, 23, DATE_SUB(UTC_TIMESTAMP(), INTERVAL 3 DAY)),
    (16, 22, 28, DATE_SUB(UTC_TIMESTAMP(), INTERVAL 2 DAY)),
    (17, 23, 29, DATE_SUB(UTC_TIMESTAMP(), INTERVAL 1 DAY)),
    (18, 24, 26, DATE_SUB(UTC_TIMESTAMP(), INTERVAL 1 DAY)),
    (19, 25, 22, DATE_SUB(UTC_TIMESTAMP(), INTERVAL 4 DAY)),
    (20, 26, 28, DATE_SUB(UTC_TIMESTAMP(), INTERVAL 3 DAY)),
    (21, 27, 21, DATE_SUB(UTC_TIMESTAMP(), INTERVAL 2 DAY)),
    (22, 28, 30, DATE_SUB(UTC_TIMESTAMP(), INTERVAL 1 DAY)),
    (23, 29, 18, DATE_SUB(UTC_TIMESTAMP(), INTERVAL 12 HOUR)),
    (24, 30, 19, DATE_SUB(UTC_TIMESTAMP(), INTERVAL 10 HOUR)),
    (25, 31, 13, DATE_SUB(UTC_TIMESTAMP(), INTERVAL 9 HOUR)),
    (26, 32, 24, DATE_SUB(UTC_TIMESTAMP(), INTERVAL 8 HOUR)),
    (27, 33, 17, DATE_SUB(UTC_TIMESTAMP(), INTERVAL 7 HOUR)),
    (28, 34, 23, DATE_SUB(UTC_TIMESTAMP(), INTERVAL 6 HOUR)),
    (29, 35, 26, DATE_SUB(UTC_TIMESTAMP(), INTERVAL 5 HOUR)),
    (30, 20, 29, DATE_SUB(UTC_TIMESTAMP(), INTERVAL 4 HOUR));

INSERT INTO service_appointments (
    appointment_id, user_id, loan_id, service_type, scheduled_time, method, status, notes, create_time, update_time
) VALUES
    (8, 21, 15, 'RETURN_BOOK', DATE_ADD(UTC_TIMESTAMP(), INTERVAL 2 DAY), 'COUNTER', 'PENDING', 'Ķ«ĪÕłÆÕżäńÉåńĮæń╗£Ķ»Šń©ŗńøĖÕģ│ÕĆ¤ķśģŃĆé', DATE_SUB(UTC_TIMESTAMP(), INTERVAL 2 HOUR), DATE_SUB(UTC_TIMESTAMP(), INTERVAL 2 HOUR)),
    (9, 32, 16, 'CONSULTATION', DATE_ADD(UTC_TIMESTAMP(), INTERVAL 1 DAY), 'COUNTER', 'PENDING', 'ÕÆ©Ķ»óµĘ▒Õ║”ÕŁ”õ╣ĀÕøŠõ╣”ķĆŠµ£¤õĖÄń╗ŁÕĆ¤ŃĆé', DATE_SUB(UTC_TIMESTAMP(), INTERVAL 90 MINUTE), DATE_SUB(UTC_TIMESTAMP(), INTERVAL 90 MINUTE)),
    (10, 24, NULL, 'CONSULTATION', DATE_ADD(UTC_TIMESTAMP(), INTERVAL 3 DAY), 'COUNTER', 'PENDING', 'ÕÆ©Ķ»óĶ«║µ¢ćÕåÖõĮ£ĶĄäµ║ÉõĮ┐ńö©Õ╗║Ķ««ŃĆé', DATE_SUB(UTC_TIMESTAMP(), INTERVAL 80 MINUTE), DATE_SUB(UTC_TIMESTAMP(), INTERVAL 80 MINUTE)),
    (11, 33, NULL, 'PICKUP_BOOK', DATE_ADD(UTC_TIMESTAMP(), INTERVAL 12 HOUR), 'COUNTER', 'PENDING', 'ÕŹÅÕŖ®ÕżäńÉåÕĮōÕż®ķóäń║”ÕÅ¢õ╣”ŃĆé', DATE_SUB(UTC_TIMESTAMP(), INTERVAL 30 MINUTE), DATE_SUB(UTC_TIMESTAMP(), INTERVAL 30 MINUTE)),
    (12, 35, 21, 'CONSULTATION', DATE_ADD(UTC_TIMESTAMP(), INTERVAL 4 DAY), 'SMART_LOCKER', 'PENDING', 'ÕÆ©Ķ»óµ£ŹÕŖĪĶ«ŠĶ«ĪõĖÄĶ«║µ¢ćķĆēķóśŃĆé', DATE_SUB(UTC_TIMESTAMP(), INTERVAL 20 MINUTE), DATE_SUB(UTC_TIMESTAMP(), INTERVAL 20 MINUTE));

INSERT INTO seats (
    seat_id, seat_code, floor_name, floor_order, zone_name, area_name, seat_type, status, has_power, near_window, description
) VALUES
    (13, 'E101', 'ÕģŁÕ▒é', 6, 'ńĮæń╗£Õ«×ķ¬īÕī║', 'õĖ£Õī║', 'COMPUTER', 'AVAILABLE', b'1', b'0', 'ķĆéÕÉłńĮæń╗£õĖÄń│╗ń╗¤Õ«×ķ¬ī'),
    (14, 'E102', 'ÕģŁÕ▒é', 6, 'ńĮæń╗£Õ«×ķ¬īÕī║', 'õĖ£Õī║', 'COMPUTER', 'AVAILABLE', b'1', b'1', 'ÕÅīńĮæÕÅŻÕ«×ķ¬īÕĘźõĮŹ'),
    (15, 'E201', 'ÕģŁÕ▒é', 6, 'Ķ«║µ¢ćńĀöõ┐«Õī║', 'Ķź┐Õī║', 'STANDARD', 'AVAILABLE', b'1', b'1', 'ķĆéÕÉłĶ«║µ¢ćÕåÖõĮ£'),
    (16, 'E202', 'ÕģŁÕ▒é', 6, 'Ķ«║µ¢ćńĀöõ┐«Õī║', 'Ķź┐Õī║', 'STANDARD', 'AVAILABLE', b'1', b'0', 'Õ«ēķØÖÕåÖõĮ£õĮŹ'),
    (17, 'F301', 'õĖāÕ▒é', 7, 'õ║¦ÕōüĶ«©Ķ«║Õī║', 'ÕŹŚÕī║', 'DISCUSSION', 'AVAILABLE', b'0', b'0', 'ķĆéÕÉłõ║¦ÕōüĶ«©Ķ«║'),
    (18, 'F302', 'õĖāÕ▒é', 7, 'õ║¦ÕōüĶ«©Ķ«║Õī║', 'ÕŹŚÕī║', 'DISCUSSION', 'AVAILABLE', b'0', b'1', 'ķØĀń¬ŚĶ«©Ķ«║õĮŹ'),
    (19, 'F401', 'õĖāÕ▒é', 7, 'Õ«ēķØÖÕŁ”õ╣ĀÕī║', 'ÕīŚÕī║', 'STANDARD', 'AVAILABLE', b'1', b'1', 'ķ½śµź╝Õ▒éÕ«ēķØÖÕī║'),
    (20, 'F402', 'õĖāÕ▒é', 7, 'Õ«ēķØÖÕŁ”õ╣ĀÕī║', 'ÕīŚÕī║', 'STANDARD', 'UNAVAILABLE', b'1', b'0', 'ń╗┤µŖżõĖŁ');

INSERT INTO seat_reservations (
    reservation_id, seat_id, user_id, start_time, end_time, status, notes, create_time, update_time
) VALUES
    (9, 13, 21, TIMESTAMP(DATE_ADD(CURRENT_DATE, INTERVAL 1 DAY), '14:00:00'), TIMESTAMP(DATE_ADD(CURRENT_DATE, INTERVAL 1 DAY), '18:00:00'), 'ACTIVE', 'ÕćåÕżćńĮæń╗£Õ«ēÕģ©Õ«×ķ¬īŃĆé', DATE_SUB(UTC_TIMESTAMP(), INTERVAL 2 HOUR), DATE_SUB(UTC_TIMESTAMP(), INTERVAL 2 HOUR)),
    (10, 14, 30, TIMESTAMP(DATE_ADD(CURRENT_DATE, INTERVAL 2 DAY), '09:00:00'), TIMESTAMP(DATE_ADD(CURRENT_DATE, INTERVAL 2 DAY), '12:00:00'), 'ACTIVE', 'ńĮæń╗£ÕĘźń©ŗĶ»Šń©ŗÕ«×ķ¬īŃĆé', DATE_SUB(UTC_TIMESTAMP(), INTERVAL 90 MINUTE), DATE_SUB(UTC_TIMESTAMP(), INTERVAL 90 MINUTE)),
    (11, 15, 24, TIMESTAMP(DATE_ADD(CURRENT_DATE, INTERVAL 1 DAY), '08:30:00'), TIMESTAMP(DATE_ADD(CURRENT_DATE, INTERVAL 1 DAY), '11:30:00'), 'ACTIVE', 'Ķ«║µ¢ćµÅÉń║▓µĢ┤ńÉåŃĆé', DATE_SUB(UTC_TIMESTAMP(), INTERVAL 70 MINUTE), DATE_SUB(UTC_TIMESTAMP(), INTERVAL 70 MINUTE)),
    (12, 16, 35, TIMESTAMP(DATE_ADD(CURRENT_DATE, INTERVAL 2 DAY), '13:00:00'), TIMESTAMP(DATE_ADD(CURRENT_DATE, INTERVAL 2 DAY), '17:00:00'), 'ACTIVE', 'ńĀöń®Čµ¢╣µ│ĢÕåÖõĮ£ÕćåÕżćŃĆé', DATE_SUB(UTC_TIMESTAMP(), INTERVAL 60 MINUTE), DATE_SUB(UTC_TIMESTAMP(), INTERVAL 60 MINUTE)),
    (13, 17, 23, TIMESTAMP(DATE_ADD(CURRENT_DATE, INTERVAL 3 DAY), '15:00:00'), TIMESTAMP(DATE_ADD(CURRENT_DATE, INTERVAL 3 DAY), '17:00:00'), 'ACTIVE', 'õ║¦Õōüķ£Ćµ▒éĶ»äÕ«ĪĶ«©Ķ«║ŃĆé', DATE_SUB(UTC_TIMESTAMP(), INTERVAL 50 MINUTE), DATE_SUB(UTC_TIMESTAMP(), INTERVAL 50 MINUTE)),
    (14, 18, 20, TIMESTAMP(DATE_SUB(CURRENT_DATE, INTERVAL 1 DAY), '10:00:00'), TIMESTAMP(DATE_SUB(CURRENT_DATE, INTERVAL 1 DAY), '12:00:00'), 'COMPLETED', 'õĖÄÕŁ”ńö¤Ķ«©Ķ«║µ£ŹÕŖĪµö╣Ķ┐øµ¢╣µĪłŃĆé', DATE_SUB(UTC_TIMESTAMP(), INTERVAL 1 DAY), DATE_SUB(UTC_TIMESTAMP(), INTERVAL 1 DAY)),
    (15, 19, 29, TIMESTAMP(DATE_ADD(CURRENT_DATE, INTERVAL 4 DAY), '09:00:00'), TIMESTAMP(DATE_ADD(CURRENT_DATE, INTERVAL 4 DAY), '12:00:00'), 'ACTIVE', 'ÕćåÕżćµ”éńÄćõĖÄń«Śµ│ĢÕżŹõ╣ĀŃĆé', DATE_SUB(UTC_TIMESTAMP(), INTERVAL 40 MINUTE), DATE_SUB(UTC_TIMESTAMP(), INTERVAL 40 MINUTE));

INSERT INTO rbac_audit_logs (log_id, actor_user_id, actor_username, action_type, target_type, target_id, detail, create_time) VALUES
    (7, 1, 'admin', 'USER_ROLE_ASSIGN', 'USER', '33', 'õĖ║ service02 ÕłåķģŹ LIBRARIAN ÕŖ©µĆüĶ¦ÆĶē▓ŃĆé', DATE_SUB(UTC_TIMESTAMP(), INTERVAL 1 DAY)),
    (8, 1, 'admin', 'CATALOG_SYNC', 'BOOK', '19-30', 'Õ«īµłÉń¼¼õĖēµē╣Ķ┐ÉĶÉźķ”åĶŚÅµĢ░µŹ«Õ»╝ÕģźŃĆé', DATE_SUB(UTC_TIMESTAMP(), INTERVAL 3 HOUR)),
    (9, 1, 'admin', 'SEAT_LAYOUT_SYNC', 'SEAT', '13-20', 'ĶĪźÕģģÕģŁÕ▒éõĖÄõĖāÕ▒éÕ║¦õĮŹĶĄäµ║ÉŃĆé', DATE_SUB(UTC_TIMESTAMP(), INTERVAL 2 HOUR)),
    (10, 1, 'admin', 'RECOMMENDATION_OPEN', 'USER', '19,20', 'õĖ║µ¢░µĢÖÕĖłĶ┤”µłĘÕ╝ĆµöŠĶŹÉõ╣”Ķ┐ÉĶÉźÕ£║µÖ»ŃĆé', DATE_SUB(UTC_TIMESTAMP(), INTERVAL 90 MINUTE));

INSERT INTO recommendation_posts (
    post_id, author_user_id, book_id, content, create_time, update_time
) VALUES
    (7, 19, 19, 'Ķ«Īń«Śµ£║ńĮæń╗£Ķ┐Öµ£¼õ╣”ÕŠłķĆéÕÉłõĮ£õĖ║ńĮæń╗£ÕĘźń©ŗŃĆüõ┐Īµü»Õ«ēÕģ©ÕÆīń│╗ń╗¤µ¢╣ÕÉæńÜäÕ¤║ńĪĆĶ»╗ńē®’╝īÕ╗║Ķ««ń╗ōÕÉłÕ«×ķ¬īõĖĆĶĄĘÕŁ”ŃĆé', DATE_SUB(UTC_TIMESTAMP(), INTERVAL 85 MINUTE), DATE_SUB(UTC_TIMESTAMP(), INTERVAL 85 MINUTE)),
    (8, 19, 23, 'Õ”éµ×£õĮĀµŁŻÕ£©ÕćåÕżćÕ«ēÕģ©Ķ»Šń©ŗµł¢Õ«×ķ¬ī’╝īĶ┐Öµ£¼ŃĆŖńĮæń╗£Õ«ēÕģ©Õ¤║ńĪĆŃĆŗķĆéÕÉłõĮ£õĖ║ń¼¼õĖĆµ£¼ÕģźķŚ©õ╣”ŃĆé', DATE_SUB(UTC_TIMESTAMP(), INTERVAL 70 MINUTE), DATE_SUB(UTC_TIMESTAMP(), INTERVAL 70 MINUTE)),
    (9, 20, 25, 'ÕüÜµ£ŹÕŖĪĶ«ŠĶ«Īµł¢õ║¦ÕōüõĮōķ¬īÕłåµ×ÉńÜäÕÉīÕŁ”’╝īÕÅ»õ╗źõ╗ÄĶ┐Öµ£¼ŃĆŖńö©µłĘõĮōķ¬īĶ”üń┤ĀŃĆŗÕ╗║ń½ŗÕ¤║µ£¼µĪåµ×ČŃĆé', DATE_SUB(UTC_TIMESTAMP(), INTERVAL 60 MINUTE), DATE_SUB(UTC_TIMESTAMP(), INTERVAL 60 MINUTE)),
    (10, 20, 29, 'ŃĆŖõ║¦Õōüń╗ÅńÉåÕ«×µłśŃĆŗµ»öĶŠāķĆéÕÉłÕüÜµĀĪÕøŁµ£ŹÕŖĪõ║¦Õōüµł¢Ķ»Šń©ŗķĪ╣ńø«µŚČÕÅéĶĆāŃĆé', DATE_SUB(UTC_TIMESTAMP(), INTERVAL 45 MINUTE), DATE_SUB(UTC_TIMESTAMP(), INTERVAL 45 MINUTE)),
    (11, 8, 28, 'ÕŖ©µēŗÕŁ”µĘ▒Õ║”ÕŁ”õ╣ĀķĆéÕÉłķģŹÕÉłÕ«×ķ¬īńÄ»ÕóāõĖĆĶĄĘń╗ā’╝īĶ»╗Õ«īÕÉÄõ╝Üµ»öÕÅ¬ń£ŗńÉåĶ«║µø┤µ£ēµä¤Ķ¦ēŃĆé', DATE_SUB(UTC_TIMESTAMP(), INTERVAL 30 MINUTE), DATE_SUB(UTC_TIMESTAMP(), INTERVAL 30 MINUTE)),
    (12, 14, 30, 'ńżŠõ╝ÜńĀöń®Čµ¢╣µ│ĢĶ┐Öµ£¼õ╣”ķĆéÕÉłÕüÜń╗Åń«ĪŃĆüÕģ¼Õģ▒ń«ĪńÉåÕÆīµ£ŹÕŖĪńĀöń®Čµ¢╣ÕÉæĶ«║µ¢ćńÜäÕÉīÕŁ”ŃĆé', DATE_SUB(UTC_TIMESTAMP(), INTERVAL 20 MINUTE), DATE_SUB(UTC_TIMESTAMP(), INTERVAL 20 MINUTE));

INSERT INTO recommendation_likes (like_id, post_id, user_id, create_time) VALUES
    (11, 7, 21, DATE_SUB(UTC_TIMESTAMP(), INTERVAL 80 MINUTE)),
    (12, 7, 30, DATE_SUB(UTC_TIMESTAMP(), INTERVAL 78 MINUTE)),
    (13, 8, 34, DATE_SUB(UTC_TIMESTAMP(), INTERVAL 65 MINUTE)),
    (14, 9, 23, DATE_SUB(UTC_TIMESTAMP(), INTERVAL 58 MINUTE)),
    (15, 9, 35, DATE_SUB(UTC_TIMESTAMP(), INTERVAL 55 MINUTE)),
    (16, 10, 20, DATE_SUB(UTC_TIMESTAMP(), INTERVAL 40 MINUTE)),
    (17, 10, 23, DATE_SUB(UTC_TIMESTAMP(), INTERVAL 38 MINUTE)),
    (18, 11, 22, DATE_SUB(UTC_TIMESTAMP(), INTERVAL 25 MINUTE)),
    (19, 11, 26, DATE_SUB(UTC_TIMESTAMP(), INTERVAL 22 MINUTE)),
    (20, 12, 24, DATE_SUB(UTC_TIMESTAMP(), INTERVAL 15 MINUTE));

INSERT INTO recommendation_follows (follow_id, follower_user_id, teacher_user_id, create_time) VALUES
    (9, 21, 19, DATE_SUB(UTC_TIMESTAMP(), INTERVAL 6 DAY)),
    (10, 22, 19, DATE_SUB(UTC_TIMESTAMP(), INTERVAL 5 DAY)),
    (11, 23, 20, DATE_SUB(UTC_TIMESTAMP(), INTERVAL 5 DAY)),
    (12, 24, 20, DATE_SUB(UTC_TIMESTAMP(), INTERVAL 4 DAY)),
    (13, 30, 19, DATE_SUB(UTC_TIMESTAMP(), INTERVAL 4 DAY)),
    (14, 35, 20, DATE_SUB(UTC_TIMESTAMP(), INTERVAL 3 DAY)),
    (15, 31, 14, DATE_SUB(UTC_TIMESTAMP(), INTERVAL 2 DAY));
